Colocação,Nome,Equipe,Categoria/Classe,Pontos,ETAPA I - MARILIA,ETAPA II - ASSIS,ETAPA III - BAURU,ETAPA IV - OURINHOS,ETAPA V - ARACATUBA,ETAPA VI - BIRIGUI,ETAPA VII - RIO PRETO,ETAPA VIII - TUPA
1,YARA CLUBE/ACADEMIA NELSON MACHADO/UNIMED/UNIMAR/SELJ-MARÍLIA-SP,YARA CLUBE/ACADEMIA NELSON MACHADO/UNIMED/UNIMAR/SELJ-MARÍLIA-SP,TROFÉU EFICIÊNCIA,11680,1970,1785,1635,2560,1675,2055,,
2,ASSOCIAÇÃO CULTURAL E DESPORTIVA DE ASSIS - SP,ASSOCIAÇÃO CULTURAL E DESPORTIVA DE ASSIS - SP,TROFÉU EFICIÊNCIA,9000,1305,1370,1545,1630,1495,1655,,
3,ARAÇA PONG / SMELR ARAÇATUBA – SP,ARAÇA PONG / SMELR ARAÇATUBA – SP,TROFÉU EFICIÊNCIA,4295,545,585,695,545,1030,895,,
4,ASSOCIAÇÃO OURINHENSE DE BEM ESTAR-SP,ASSOCIAÇÃO OURINHENSE DE BEM ESTAR-SP,TROFÉU EFICIÊNCIA,4190,540,705,960,840,535,610,,
5,BIRIGUI-SP,BIRIGUI-SP,TROFÉU EFICIÊNCIA,3270,395,425,365,350,885,850,,
6,ASSOC. NOVA ERA DE T.M.-SP,ASSOC. NOVA ERA DE T.M.-SP,TROFÉU EFICIÊNCIA,2815,495,570,660,395,445,250,,
7,NEW PONG - SÃO JOSÉ DO RIO PRETO/SP - ACADEMIA DE TÊNIS DE MESA,NEW PONG - SÃO JOSÉ DO RIO PRETO/SP - ACADEMIA DE TÊNIS DE MESA,TROFÉU EFICIÊNCIA,2810,655,390,430,335,830,170,,
8,MIRASSOL TENIS DE MESA,MIRASSOL TENIS DE MESA,TROFÉU EFICIÊNCIA,2805,320,570,615,340,230,730,,
9,ACERT TUPÃ - LIGA - SP,ACERT TUPÃ - LIGA - SP,TROFÉU EFICIÊNCIA,2345,585,435,235,470,330,290,,
10,ATEMEL/ACEL LONDRINA - PR,ATEMEL/ACEL LONDRINA - PR,TROFÉU EFICIÊNCIA,1820,545,560,260,325,0,130,,
11,CLUBE LENÇOENSE DE TÊNIS DE MESA-LIGA-SP,CLUBE LENÇOENSE DE TÊNIS DE MESA-LIGA-SP,TROFÉU EFICIÊNCIA,1765,280,200,245,170,460,410,,
12,TENIS DE MESA PAULISTA-OSVALDO CRUZ-SP,TENIS DE MESA PAULISTA-OSVALDO CRUZ-SP,TROFÉU EFICIÊNCIA,1625,305,255,220,270,325,250,,
13,DRACENA TM-SP,DRACENA TM-SP,TROFÉU EFICIÊNCIA,1585,205,255,205,225,335,360,,
14,ASSOC.DE T.M.OESTE PAULISTA-PRES.PRUDENTE,ASSOC.DE T.M.OESTE PAULISTA-PRES.PRUDENTE,TROFÉU EFICIÊNCIA,1325,175,245,105,345,175,280,,
15,ACADEMIA NELSON MACHADO/YARA CLUBE/UNIMED/UNIMAR/SELJ-MARILIA-SPDE MARÍLIA-LIGA-SP,ACADEMIA NELSON MACHADO/YARA CLUBE/UNIMED/UNIMAR/SELJ-MARILIA-SPDE MARÍLIA-LIGA-SP,TROFÉU EFICIÊNCIA,1240,345,300,320,45,205,25,,
16,TM OESTE PAULISTA BASTOS - LIGA-SP,TM OESTE PAULISTA BASTOS - LIGA-SP,TROFÉU EFICIÊNCIA,900,50,240,145,145,120,200,,
17,PRESIDENTE VENCESLAU-SP,PRESIDENTE VENCESLAU-SP,TROFÉU EFICIÊNCIA,865,175,195,170,75,125,125,,
18,ARTM/ACER - ROLÂNDIA - PR,ARTM/ACER - ROLÂNDIA - PR,TROFÉU EFICIÊNCIA,790,350,280,115,45,0,0,,
19,TM ÁLVARES MACHADO-LIGA-SP,TM ÁLVARES MACHADO-LIGA-SP,TROFÉU EFICIÊNCIA,745,130,130,130,155,130,70,,
20,TÊNIS DE MESA DE VOTUPORANGA-LIGA,TÊNIS DE MESA DE VOTUPORANGA-LIGA,TROFÉU EFICIÊNCIA,615,25,10,125,125,175,155,,
21,JAU PONG TÊNIS DE MESA LTDA-SP,JAU PONG TÊNIS DE MESA LTDA-SP,TROFÉU EFICIÊNCIA,570,0,0,200,125,175,70,,
22,ESPORTE CLUBE PRAIA GRANDE - SP,ESPORTE CLUBE PRAIA GRANDE - SP,TROFÉU EFICIÊNCIA,515,130,80,175,130,0,0,,
23,TM OESTE PAULISTA SALTO GRANDE - LIGA-SP,TM OESTE PAULISTA SALTO GRANDE - LIGA-SP,TROFÉU EFICIÊNCIA,435,90,140,90,115,0,0,,
24,SESI - SP,SESI - SP,TROFÉU EFICIÊNCIA,390,130,130,130,0,0,0,,
25,ASSOC.JAUENSE DE T.M./PREFEITURA DE JAÚ-SP,ASSOC.JAUENSE DE T.M./PREFEITURA DE JAÚ-SP,TROFÉU EFICIÊNCIA,305,130,0,175,0,0,0,,
26,STREET PONG - PR,STREET PONG - PR,TROFÉU EFICIÊNCIA,210,105,105,0,0,0,0,,
27,TM OESTE PAULISTA–ALVINLÂNDIA-SP,TM OESTE PAULISTA–ALVINLÂNDIA-SP,TROFÉU EFICIÊNCIA,140,140,0,0,0,0,0,,
28,ACADEMIA DE TÊNIS DE MESA LIFE PONG - SP,ACADEMIA DE TÊNIS DE MESA LIFE PONG - SP,TROFÉU EFICIÊNCIA,130,130,0,0,0,0,0,,
28,ASSOC. DOS MESATENISTAS DE CASCÁVEL-PR,ASSOC. DOS MESATENISTAS DE CASCÁVEL-PR,TROFÉU EFICIÊNCIA,130,0,0,0,0,0,130,,
30,TM OESTE PAULISTA LUCELIA-SP-LIGA,TM OESTE PAULISTA LUCELIA-SP-LIGA,TROFÉU EFICIÊNCIA,105,0,0,0,0,95,10,,
31,DOBRADA TM-LIGA-SP,DOBRADA TM-LIGA-SP,TROFÉU EFICIÊNCIA,25,0,0,25,0,0,0,,
32,ACADEMIA FITPONG DE TÊNIS DE MESA-PR,ACADEMIA FITPONG DE TÊNIS DE MESA-PR,TROFÉU EFICIÊNCIA,20,10,0,0,10,0,0,,
32,TM OESTE PAULISTA - FERNANDOPOLIS - LIGA-SP,TM OESTE PAULISTA - FERNANDOPOLIS - LIGA-SP,TROFÉU EFICIÊNCIA,20,0,0,0,0,10,10,,
34,ACADEMIA DUNAMIS DE TÊNIS DE MESA-SP,ACADEMIA DUNAMIS DE TÊNIS DE MESA-SP,TROFÉU EFICIÊNCIA,10,0,10,0,0,0,0,,
1,HEITOR GERMANO TAINO,DRACENA TM-SP,SUB-09 MAS,780,130,130,130,130,130,130,,
1,MARIA FERNANDA CHARANTOLA,YARA CLUBE/ACADEMIA NELSON MACHADO/UNIMED/UNIMAR/SELJ-MARÍLIA-SP,SUB-15 FEM,780,130,130,130,130,130,130,,
1,LARISSA SILVA DOS SANTOS,ASSOCIAÇÃO CULTURAL E DESPORTIVA DE ASSIS - SP,SUB-19 FEM,780,130,130,130,130,130,130,,
1,MATEUS GABRIEL ARRIERO XAVIER,ARAÇA PONG / SMELR ARAÇATUBA – SP,t PARALÍMPICO,780,130,130,130,130,130,130,,
1,JULIA BRABO SILVA,YARA CLUBE/ACADEMIA NELSON MACHADO/UNIMED/UNIMAR/SELJ-MARÍLIA-SP,SUB-11 FEM,730,130,130,130,130,80,130,,
1,FELIPE BARROS MESSIAS,ASSOCIAÇÃO OURINHENSE DE BEM ESTAR-SP,SUB-13 MAS,730,130,130,130,130,130,80,,
1,HELIA Y  YOSHIHARA,TM ÁLVARES MACHADO-LIGA-SP,MASTER 70FEM,695,130,130,130,130,130,45,,
1,LIZZY SANCHES TOHYAMA,ASSOCIAÇÃO CULTURAL E DESPORTIVA DE ASSIS - SP,SUB-09 FEM,680,130,130,130,80,80,130,,
1,ALEXANDRE BITENCOURT DE ALMEIDA,ASSOCIAÇÃO CULTURAL E DESPORTIVA DE ASSIS - SP,MASTER 50MAS,675,25,130,130,130,130,130,,
1,DANIELA OLIVEIRA LOPES,ASSOCIAÇÃO CULTURAL E DESPORTIVA DE ASSIS - SP,MASTER 50FEM,650,130,130,0,130,130,130,,
1,RAUHÃ SEGANTINE DA GRAÇA,MIRASSOL TENIS DE MESA,SUB-21 MAS,645,45,130,130,130,80,130,,
1,ANA PAULA FUMIE SAKIHAMA,ASSOCIAÇÃO CULTURAL E DESPORTIVA DE ASSIS - SP,MASTER 40FEM,600,0,80,130,130,130,130,,
1,OLIDES  MILLEZI JÚNIOR,ATEMEL/ACEL LONDRINA - PR,MASTER 60MAS,600,130,130,130,80,0,130,,
1,LEONARDO AMAKU ISHIKAWA,YARA CLUBE/ACADEMIA NELSON MACHADO/UNIMED/UNIMAR/SELJ-MARÍLIA-SP,SUB-15 MAS,600,130,80,130,130,130,0,,
1,MARIANA FUZINATO PINA MODESTO,YARA CLUBE/ACADEMIA NELSON MACHADO/UNIMED/UNIMAR/SELJ-MARÍLIA-SP,SUB-17 FEM,600,130,130,0,130,130,80,,
2,MANUELLA TASSI BAZO,YARA CLUBE/ACADEMIA NELSON MACHADO/UNIMED/UNIMAR/SELJ-MARÍLIA-SP,SUB-09 FEM,580,80,80,80,130,130,80,,
1,SHEILA SOUZA,ASSOCIAÇÃO CULTURAL E DESPORTIVA DE ASSIS - SP,ABSOLUTO A FEM,565,0,130,130,130,45,130,,
1,CELIA  MAYUMI IDERIHA,TM BIRIGUI LIGA-SP,MASTER 60FEM,560,45,45,130,80,130,130,,
1,CAROLINE MESSIAS LOUREIRO,YARA CLUBE/ACADEMIA NELSON MACHADO/UNIMED/UNIMAR/SELJ-MARÍLIA-SP,SUB-13 FEM,560,45,130,80,130,130,45,,
2,GABRIELA DELL ARINGA DE ARAUJO,YARA CLUBE/ACADEMIA NELSON MACHADO/UNIMED/UNIMAR/SELJ-MARÍLIA-SP,SUB-11 FEM,530,80,80,80,80,130,80,,
1,NILTON TOSHIO TAKAOKA,ATEMEL/ACEL LONDRINA - PR,MASTER 70MAS,520,130,130,130,130,0,0,,
1,NATALIA YURI ARAKAKI,ASSOCIAÇÃO CULTURAL E DESPORTIVA DE ASSIS - SP,MASTER 30FEM,515,80,45,130,130,130,0,,
1,MARIA ELOISA MENEZES BALBINO PEREIRA,YARA CLUBE/ACADEMIA NELSON MACHADO/UNIMED/UNIMAR/SELJ-MARÍLIA-SP,SUB-21 FEM,515,130,130,45,80,130,0,,
1,LUCAS CASTELLI TAHARA,ARAÇA PONG / SMELR ARAÇATUBA – SP,SUB-11 MAS,510,45,45,80,130,130,80,,
2,GISELA MARIA SANTOS BRONZE,ARAÇA PONG / SMELR ARAÇATUBA – SP,ABSOLUTO A FEM,495,80,45,80,80,130,80,,
2,LAURA SILVIA DE ALMEIDA MISAEL,ASSOCIAÇÃO CULTURAL E DESPORTIVA DE ASSIS - SP,MASTER 50FEM,495,45,80,130,80,80,80,,
2,ISIS SANCHES TOHYAMA,ASSOCIAÇÃO CULTURAL E DESPORTIVA DE ASSIS - SP,SUB-17 FEM,495,80,80,130,80,80,45,,
1,NICOLAS MOURA LASNOU,MIRASSOL TENIS DE MESA,SUB-17 MAS,480,45,130,130,130,0,45,,
1,MÁRCIO JOSÉ BARBOSA   LIMA,CLUBE LENÇOENSE DE TÊNIS DE MESA-LIGA-SP,MASTER 40MAS,475,130,80,45,45,130,45,,
2,SABRINA PINHEIRO MIRANDA,ASSOCIAÇÃO CULTURAL E DESPORTIVA DE ASSIS - SP,SUB-21 FEM,475,80,45,130,45,45,130,,
1,JOÃO PEDRO RIBEIRO MIRA,ESPORTE CLUBE PRAIA GRANDE - SP,ABSOLUTO A MAS,470,130,80,130,130,0,0,,
1,KAUÊ AUGUSTO FERREIRA ARAÚJO,YARA CLUBE/ACADEMIA NELSON MACHADO/UNIMED/UNIMAR/SELJ-MARÍLIA-SP,SUB-19 MAS,470,130,80,130,130,0,0,,
2,HELENA YOSHIKO MATSUEDA,ARAÇA PONG / SMELR ARAÇATUBA – SP,MASTER 70FEM,440,45,80,80,25,80,130,,
2,LUÍS GUSTAVO DE OLIVEIRA VILELA,ARAÇA PONG / SMELR ARAÇATUBA – SP,MASTER 40MAS,425,80,130,80,80,10,45,,
2,LUAN BRUNO PARRA BARBOSA,NEW PONG - SÃO JOSÉ DO RIO PRETO/SP - ACADEMIA DE TÊNIS DE MESA,ABSOLUTO A MAS,420,80,130,80,0,130,0,,
2,LUIZ  ROBERTO  NAVES,CLUBE LENÇOENSE DE TÊNIS DE MESA-LIGA-SP,MASTER 60MAS,420,80,25,80,25,130,80,,
2,REJANE DE OLIVEIRA PINTO,ACERT TUPÃ - LIGA - SP,MASTER 40FEM,410,45,45,80,80,80,80,,
3,FABIO P NAVARRO,YARA CLUBE/ACADEMIA NELSON MACHADO/UNIMED/UNIMAR/SELJ-MARÍLIA-SP,MASTER 40MAS,405,45,25,45,130,80,80,,
1,BRUNO HENRIQUE PIMENTEL,NEW PONG - SÃO JOSÉ DO RIO PRETO/SP - ACADEMIA DE TÊNIS DE MESA,MASTER 30MAS,400,80,25,10,130,130,25,,
2,TERUO  TARUMOTO,ASSOC.DE T.M.OESTE PAULISTA-PRES.PRUDENTE-LIGA-SP,MASTER 70MAS,395,45,45,0,45,130,130,,
2,CLAUDIO MASSAD,SESI - SP,MASTER 30MAS,390,130,130,130,0,0,0,,
2,IEDA MARIA MUNHOS BENEDETTI,ACERT TUPÃ - LIGA - SP,MASTER 60FEM,390,130,130,0,130,0,0,,
3,HENRIQUE EDUARDO FERREIRA DE SOUZA,YARA CLUBE/ACADEMIA NELSON MACHADO/UNIMED/UNIMAR/SELJ-MARÍLIA-SP,MASTER 30MAS,375,10,80,80,45,80,80,,
2,RAFAEL EIJI HISSAMURA,TM BIRIGUI LIGA-SP,SUB-19 MAS,375,25,45,45,0,130,130,,
2,JEFFERSON FELIPE GONÇALVES LINO,PRESIDENTE VENCESLAU-SP,t PARALÍMPICO,375,45,45,45,80,80,80,,
2,TIAGO YERA NAKAJUM,YARA CLUBE/ACADEMIA NELSON MACHADO/UNIMED/UNIMAR/SELJ-MARÍLIA-SP,SUB-11 MAS,370,80,80,130,80,0,0,,
3,KEVYN OLIVEIRA POLLI,TENIS DE MESA PAULISTA-OSVALDO CRUZ-SP,SUB-19 MAS,370,45,130,25,45,45,80,,
3,MARINA SAYUMI NAKAMURA,ASSOC.DE T.M.OESTE PAULISTA-PRES.PRUDENTE-LIGA-SP,SUB-21 FEM,370,0,80,80,130,0,80,,
2,LUCAS M MARQUES,ASSOCIAÇÃO OURINHENSE DE BEM ESTAR-SP,SUB-13 MAS,340,45,80,45,45,80,45,,
2,GABRIEL JOSÉ MENEZES BALBINO PEREIRA,YARA CLUBE/ACADEMIA NELSON MACHADO/UNIMED/UNIMAR/SELJ-MARÍLIA-SP,SUB-15 MAS,340,10,45,45,80,80,80,,
2,MATHEUS DE OLIVEIRA SANTOS,TÊNIS DE MESA DE VOTUPORANGA-LIGA,SUB-17 MAS,340,25,0,80,80,130,25,,
3,MONICA CRISTINA CAMARGO NEVES,YARA CLUBE/ACADEMIA NELSON MACHADO/UNIMED/UNIMAR/SELJ-MARÍLIA-SP,MASTER 60FEM,330,80,80,0,45,45,80,,
2,ISADORA RAMOS D' ELIA,MIRASSOL TENIS DE MESA,SUB-13 FEM,330,45,80,45,0,80,80,,
4,LEANDRO DE ANDRADE TAJERO,ASSOCIAÇÃO CULTURAL E DESPORTIVA DE ASSIS - SP,MASTER 40MAS,320,10,25,130,25,0,130,,
4,TOYOMI ADACHI,ASSOC. NOVA ERA DE T.M.-SP,MASTER 60FEM,320,45,45,80,45,80,25,,
3,KHRISTOPHER KEISKE OGASAWARA,ASSOC. NOVA ERA DE T.M.-SP,ABSOLUTO A MAS,305,45,45,10,80,80,45,,
2,GIOVANNA MISSAKI KUBO,ARTM/ACER - ROLÂNDIA - PR,MASTER 30FEM,305,130,130,45,0,0,0,,
3,BRENO LUCINDO DA SILVA,YARA CLUBE/ACADEMIA NELSON MACHADO/UNIMED/UNIMAR/SELJ-MARÍLIA-SP,SUB-15 MAS,295,25,25,25,45,45,130,,
4,CAIO CESAR GARDENAL,TM BIRIGUI LIGA-SP,MASTER 30MAS,285,25,45,45,80,45,45,,
3,MIKI KANEKO HAYASHI,ACERT TUPÃ - LIGA - SP,MASTER 50FEM,285,45,45,80,45,25,45,,
2,SOPHIA PINHEIRO MIRANDA,ASSOCIAÇÃO CULTURAL E DESPORTIVA DE ASSIS - SP,SUB-15 FEM,285,80,45,25,45,45,45,,
2,AGATHA DE OLIVEIRA RODRIGUES,ASSOCIAÇÃO OURINHENSE DE BEM ESTAR-SP,SUB-15 FEM,285,0,80,45,80,0,80,,
3,ÉTORE VINÍCIUS LAZARINI,YARA CLUBE/ACADEMIA NELSON MACHADO/UNIMED/UNIMAR/SELJ-MARÍLIA-SP,t PARALÍMPICO,285,80,80,80,45,0,0,,
3,FERNANDA MARTINS SARZI MEDOLA,CLUBE LENÇOENSE DE TÊNIS DE MESA-LIGA-SP,MASTER 30FEM,280,0,45,25,0,80,130,,
3,JOSÉ NARCISO DA CONCEIÇÃO GESTEIRO,DRACENA TM-SP,MASTER 70MAS,280,25,80,25,25,80,45,,
3,ANA CLARA DE OLIVEIRA MACÊRA,YARA CLUBE/ACADEMIA NELSON MACHADO/UNIMED/UNIMAR/SELJ-MARÍLIA-SP,SUB-11 FEM,270,45,45,45,45,45,45,,
3,EDUARDA DOS SANTOS BARBOZA,YARA CLUBE/ACADEMIA NELSON MACHADO/UNIMED/UNIMAR/SELJ-MARÍLIA-SP,SUB-11 FEM,270,45,45,45,45,45,45,,
2,GABRIEL RODRIGUES NUNES,ACADEMIA NELSON MACHADO/YARA CLUBE/UNIMED/UNIMAR/SELJ-MARILIA-SPDE MARÍLIA-LIGA-SP,SUB-09 MAS,265,45,45,80,25,45,25,,
3,KATHARINA RIGO SÃO LOURENÇO,TÊNIS DE MESA DE VOTUPORANGA-LIGA,SUB-13 FEM,265,0,0,45,45,45,130,,
4,MARIA CARLA BARBOZA DO VALE,DRACENA TM-SP,SUB-15 FEM,265,25,45,25,45,80,45,,
5,MARCELO DE SOTTI SABBO SANCHES,YARA CLUBE/ACADEMIA NELSON MACHADO/UNIMED/UNIMAR/SELJ-MARÍLIA-SP,MASTER 30MAS,260,10,25,45,25,25,130,,
3,MITIKO HIGASHI HATTA YAMASAKI,ARAÇA PONG / SMELR ARAÇATUBA – SP,MASTER 70FEM,260,80,45,45,0,45,45,,
3,ANTÔNIO LORENZO NORBERTO SANTANA DE SOUZA,YARA CLUBE/ACADEMIA NELSON MACHADO/UNIMED/UNIMAR/SELJ-MARÍLIA-SP,SUB-11 MAS,260,130,130,0,0,0,0,,
4,LUIZA BELTRAME SANTOS,ASSOC.JAUENSE DE T.M./PREFEITURA DE JAÚ-SP,SUB-13 FEM,260,130,0,130,0,0,0,,
4,HELENA MENDES SANTOS,ACERT TUPÃ - LIGA - SP,SUB-21 FEM,260,45,45,0,45,80,45,,
3,JANY LUCIA MANTOVAN YASSUDA,NEW PONG - SÃO JOSÉ DO RIO PRETO/SP - ACADEMIA DE TÊNIS DE MESA,MASTER 40FEM,250,25,45,45,45,45,45,,
4,JOSÉ LOK TCHONG,TM OESTE PAULISTA BASTOS - LIGA-SP,MASTER 70MAS,250,25,45,45,45,10,80,,
5,HELENA LOPES ASSEM,YARA CLUBE/ACADEMIA NELSON MACHADO/UNIMED/UNIMAR/SELJ-MARÍLIA-SP,SUB-13 FEM,250,80,45,10,25,45,45,,
4,LUAN PAGLIARI DE BRITO,MIRASSOL TENIS DE MESA,ABSOLUTO A MAS,245,25,45,45,0,0,130,,
2,JORGE LUIS DE CAMPOS,ASSOCIAÇÃO CULTURAL E DESPORTIVA DE ASSIS - SP,MASTER 50MAS,245,25,10,25,80,25,80,,
4,HENRIQUE MESQUITA SERVA REIS,YARA CLUBE/ACADEMIA NELSON MACHADO/UNIMED/UNIMAR/SELJ-MARÍLIA-SP,SUB-11 MAS,245,25,10,25,45,10,130,,
2,MATHEUS  DE MORAIS BATISTA,TM BIRIGUI LIGA-SP,SUB-21 MAS,245,25,80,25,25,45,45,,
2,CARLOS EDUARDO GONÇALVES SUPLANO,YARA CLUBE/ACADEMIA NELSON MACHADO/UNIMED/UNIMAR/SELJ-MARÍLIA-SP,SUB-21 MAS,245,130,45,25,45,0,0,,
4,KAUA KEVIN ALVES CRUZ,YARA CLUBE/ACADEMIA NELSON MACHADO/UNIMED/UNIMAR/SELJ-MARÍLIA-SP,SUB-21 MAS,240,80,25,45,45,45,0,,
5,ADRIEL MEIRELES ROCHA,JAU PONG TÊNIS DE MESA LTDA-SP,SUB-21 MAS,235,0,0,25,80,130,0,,
4,LUCA ESTEVES MAGALHÃES,YARA CLUBE/ACADEMIA NELSON MACHADO/UNIMED/UNIMAR/SELJ-MARÍLIA-SP,SUB-15 MAS,230,80,45,80,25,0,0,,
4,KAUÃ GABRIEL PARTEZANI,NEW PONG - SÃO JOSÉ DO RIO PRETO/SP - ACADEMIA DE TÊNIS DE MESA,SUB-19 MAS,230,80,25,80,0,45,0,,
3,FELIPE MENDES LEONARDO,ACADEMIA NELSON MACHADO/YARA CLUBE/UNIMED/UNIMAR/SELJ-MARILIA-SPDE MARÍLIA-LIGA-SP,SUB-09 MAS,225,25,25,45,80,25,25,,
5,ALEXANDRE BORNIOTTI JACON,JAU PONG TÊNIS DE MESA LTDA-SP,SUB-11 MAS,225,0,45,45,45,45,45,,
3,SARAH ALVES GOMES DA SILVA,ARAÇA PONG / SMELR ARAÇATUBA – SP,ABSOLUTO A FEM,220,0,25,45,45,80,25,,
3,FÁBIO TADAYOSHI SAZAKI,ARTM/ACER - ROLÂNDIA - PR,MASTER 50MAS,220,130,45,45,0,0,0,,
3,HUGO DUMMER,YARA CLUBE/ACADEMIA NELSON MACHADO/UNIMED/UNIMAR/SELJ-MARÍLIA-SP,MASTER 60MAS,220,25,80,25,45,45,0,,
4,ALLAN DA SILVA MORALES,TM BIRIGUI LIGA-SP,SUB-09 MAS,215,45,45,0,0,80,45,,
3,CARLOS EDUARDO GIROLDO ROSIGNOLLI,ASSOCIAÇÃO OURINHENSE DE BEM ESTAR-SP,SUB-13 MAS,215,25,45,80,10,45,10,,
2,BEATRIZ DE SOUSA,NEW PONG - SÃO JOSÉ DO RIO PRETO/SP - ACADEMIA DE TÊNIS DE MESA,SUB-19 FEM,215,45,45,80,0,45,0,,
4,ERIKA TIEMI KIMURA,ATEMEL/ACEL LONDRINA - PR,MASTER 40FEM,210,80,130,0,0,0,0,,
4,LUIZ CARLOS DE SOUZA,YARA CLUBE/ACADEMIA NELSON MACHADO/UNIMED/UNIMAR/SELJ-MARÍLIA-SP,MASTER 60MAS,210,0,10,25,130,45,0,,
6,IGOR FERNANDES ORLANDO,TENIS DE MESA PAULISTA-OSVALDO CRUZ-SP,SUB-11 MAS,210,45,25,10,25,80,25,,
4,ANTÔNIO LORENZO NORBERTO SANTANA DE SOUZA,YARA CLUBE/ACADEMIA NELSON MACHADO/UNIMED/UNIMAR/SELJ-MARÍLIA-SP,SUB-13 MAS,210,0,0,0,80,0,130,,
4,NOELLE EGÍDIA WATANABE KIILL,ARAÇA PONG / SMELR ARAÇATUBA – SP,MASTER 30FEM,205,0,0,80,0,45,80,,
4,CLAUDIA SAYURI UENAKA,ARAÇA PONG / SMELR ARAÇATUBA – SP,MASTER 50FEM,205,25,0,45,45,45,45,,
4,ACÁCIO BENEDICTO CHAVES,ASSOCIAÇÃO OURINHENSE DE BEM ESTAR-SP,MASTER 50MAS,205,0,45,80,10,45,25,,
4,MARILICE BARCAROLLO,ASSOCIAÇÃO CULTURAL E DESPORTIVA DE ASSIS - SP,MASTER 70FEM,205,25,25,25,80,25,25,,
5,HENRIQUE DAIJIRO ITO,ATEMEL/ACEL LONDRINA - PR,SUB-09 MAS,205,80,80,0,45,0,0,,
6,LAURA DE OLIVEIRA COLOMBO,YARA CLUBE/ACADEMIA NELSON MACHADO/UNIMED/UNIMAR/SELJ-MARÍLIA-SP,SUB-13 FEM,205,25,25,25,80,25,25,,
5,MIGUEL ANTÔNIO LAHOS,TM BIRIGUI LIGA-SP,SUB-19 MAS,205,25,25,25,25,80,25,,
3,MARIA EDUARDA LABORDA RODRIGUES,ASSOC. NOVA ERA DE T.M.-SP,SUB-19 FEM,200,25,45,25,80,25,0,,
6,THIAGO LUIS PEREIRA,MIRASSOL TENIS DE MESA,SUB-19 MAS,200,25,25,25,80,0,45,,
5,TERESA KIMI KUMAZAWA KATO,TM BIRIGUI LIGA-SP,MASTER 60FEM,195,25,25,45,10,45,45,,
5,FRANCESCO D J PASSA,ASSOCIAÇÃO OURINHENSE DE BEM ESTAR-SP,MASTER 70MAS,195,10,25,80,80,0,0,,
5,GABRIEL FACHINI MAIA,TM BIRIGUI LIGA-SP,SUB-15 MAS,195,25,10,25,45,45,45,,
3,VITOR PACELI,TM BIRIGUI LIGA-SP,SUB-17 MAS,195,25,45,10,45,45,25,,
5,FELIPE PEREIRA ROSA,ASSOCIAÇÃO CULTURAL E DESPORTIVA DE ASSIS - SP,ABSOLUTO A MAS,190,10,25,25,25,25,80,,
3,LORENA CASTELLI TAHARA,ARAÇA PONG / SMELR ARAÇATUBA – SP,SUB-09 FEM,190,25,25,25,25,45,45,,
5,ANA CLARA SILVA MORAES,ASSOCIAÇÃO OURINHENSE DE BEM ESTAR-SP,SUB-15 FEM,190,25,25,45,25,45,25,,
3,DANIELA HARUE KAMIKIHARA,ARAÇA PONG / SMELR ARAÇATUBA – SP,SUB-17 FEM,190,25,25,45,45,25,25,,
5,MARIA CLARA VERGALIM DOS SANTOS,ACADEMIA NELSON MACHADO/YARA CLUBE/UNIMED/UNIMAR/SELJ-MARILIA-SPDE MARÍLIA-LIGA-SP,SUB-21 FEM,190,25,25,25,25,45,45,,
5,APARECIDA DONIZETE BELINI,TM OESTE PAULISTA SALTO GRANDE - LIGA-SP,MASTER 70FEM,180,45,45,45,45,0,0,,
4,ISABELA DA LUCCA MATOS,ASSOCIAÇÃO OURINHENSE DE BEM ESTAR-SP,SUB-09 FEM,180,45,45,45,45,0,0,,
4,LIVIA MARIA ANTONANGELO DAMETO,TM OESTE PAULISTA SALTO GRANDE - LIGA-SP,SUB-09 FEM,180,45,45,45,45,0,0,,
6,ARTHUR SARZI MEDOLA,CLUBE LENÇOENSE DE TÊNIS DE MESA-LIGA-SP,SUB-09 MAS,180,0,10,45,0,45,80,,
4,KIMBERLLY CRISTIANE DE AQUINO CAMBUHY,MIRASSOL TENIS DE MESA,SUB-17 FEM,180,45,45,45,0,0,45,,
5,RUDEMIR AFONSO PIASSI,ASSOC. NOVA ERA DE T.M.-SP,MASTER 50MAS,175,80,25,25,0,45,0,,
4,BETINA GABRIELLA MOTTA BUENO,ASSOCIAÇÃO OURINHENSE DE BEM ESTAR-SP,ABSOLUTO A FEM,170,0,80,0,0,45,45,,
6,EDUARDO HENRIQUE FERRI SALINAS,NEW PONG - SÃO JOSÉ DO RIO PRETO/SP - ACADEMIA DE TÊNIS DE MESA,ABSOLUTO A MAS,170,45,25,10,45,45,0,,
5,ÉRICA FUSAKO MARUMOTO,ASSOCIAÇÃO OURINHENSE DE BEM ESTAR-SP,MASTER 50FEM,170,25,25,45,25,25,25,,
6,RODRIGO SÉ PATRÍCIO DE BARROS,ASSOC. NOVA ERA DE T.M.-SP,MASTER 50MAS,170,45,80,45,0,0,0,,
5,ESTHER RODRIGUES,MIRASSOL TENIS DE MESA,SUB-17 FEM,170,45,45,80,0,0,0,,
4,LETÍCIA CAROLINE SANT´ANA FERREIRA,ARAÇA PONG / SMELR ARAÇATUBA – SP,SUB-19 FEM,170,45,0,45,0,80,0,,
5,MARINA ARITA FALHA,ACERT TUPÃ - LIGA - SP,ABSOLUTO A FEM,160,45,45,0,0,25,45,,
5,MARIANA RODRIGUES GEHRE CHAGAS,ASSOC. NOVA ERA DE T.M.-SP,MASTER 40FEM,160,45,25,45,45,0,0,,
5,JULIO HIDEYSHI OKUMURA,ASSOCIAÇÃO CULTURAL E DESPORTIVA DE ASSIS - SP,MASTER 40MAS,160,45,10,25,45,10,25,,
5,WALTER APARECIDO CANELLA,TM OESTE PAULISTA BASTOS - LIGA-SP,MASTER 60MAS,160,25,45,45,10,25,10,,
5,LETÍCIA YUNA NOGUTI,STREET PONG - PR,SUB-19 FEM,160,80,80,0,0,0,0,,
6,VICTOR PINHATAR,ASSOC. NOVA ERA DE T.M.-SP,SUB-21 MAS,160,0,0,80,0,0,80,,
5,ANGELA CRISTINA DE OLIVEIRA MARQUES,YARA CLUBE/ACADEMIA NELSON MACHADO/UNIMED/UNIMAR/SELJ-MARÍLIA-SP,MASTER 30FEM,155,25,25,25,80,0,0,,
6,MARLY AKEMI SAKAIDA,ASSOCIAÇÃO OURINHENSE DE BEM ESTAR-SP,MASTER 60FEM,155,25,10,45,25,25,25,,
6,TACIANE DOS SANTOS OLIVEIRA,TENIS DE MESA PAULISTA-OSVALDO CRUZ-SP,SUB-15 FEM,155,45,10,25,25,25,25,,
6,SHINDO SUMIYORI,ASSOCIAÇÃO CULTURAL E DESPORTIVA DE ASSIS - SP,MASTER 60MAS,150,25,0,0,45,80,0,,
6,MIYOKO UNO KAKITANI,ASSOCIAÇÃO OURINHENSE DE BEM ESTAR-SP,MASTER 70FEM,150,25,25,25,25,25,25,,
6,MARIA L T  MAKINO,ARAÇA PONG / SMELR ARAÇATUBA – SP,MASTER 70FEM,150,25,0,0,0,45,80,,
5,LAIS SAORI JOBOJI,TM OESTE PAULISTA BASTOS - LIGA-SP,SUB-11 FEM,150,25,25,25,25,25,25,,
6,GABRIEL JOSÉ TARGON RODRIGUES,MIRASSOL TENIS DE MESA,SUB-15 MAS,150,45,25,10,0,25,45,,
6,NYCOLLE CAVALCANTE DA SILVA,ACADEMIA NELSON MACHADO/YARA CLUBE/UNIMED/UNIMAR/SELJ-MARILIA-SPDE MARÍLIA-LIGA-SP,SUB-21 FEM,150,25,25,25,25,25,25,,
6,LUCIA HELENA MORELI,ASSOCIAÇÃO CULTURAL E DESPORTIVA DE ASSIS - SP,MASTER 50FEM,145,25,45,25,25,25,0,,
8,LEONICE DE BASTIANI,ASSOCIAÇÃO OURINHENSE DE BEM ESTAR-SP,MASTER 70FEM,145,25,25,25,45,0,25,,
4,LUIZ GUILHERME RIBEIRO QUEIROZ,MIRASSOL TENIS DE MESA,SUB-17 MAS,145,10,10,45,0,0,80,,
7,HÉLIO SADAO TAKASU,ASSOCIAÇÃO OURINHENSE DE BEM ESTAR-SP,ABSOLUTO A MAS,140,25,10,25,25,10,45,,
6,CAMILA YUMI OUTIDA,ACADEMIA NELSON MACHADO/YARA CLUBE/UNIMED/UNIMAR/SELJ-MARILIA-SPDE MARÍLIA-LIGA-SP,MASTER 30FEM,140,25,25,45,45,0,0,,
7,WILSON ROBERTO DE OLIVEIRA,ASSOCIAÇÃO CULTURAL E DESPORTIVA DE ASSIS - SP,MASTER 50MAS,140,10,25,10,25,25,45,,
7,ADILSON OSSAMU KUBO,ARTM/ACER - ROLÂNDIA - PR,MASTER 50MAS,140,45,25,25,45,0,0,,
6,RUBENS FRANCISCO DE CAMPOS JUNIOR,ASSOC. NOVA ERA DE T.M.-SP,MASTER 70MAS,140,45,25,45,25,0,0,,
7,WILLIAN GOMES PINHEIRO,TENIS DE MESA PAULISTA-OSVALDO CRUZ-SP,SUB-15 MAS,140,45,25,10,25,25,10,,
6,RAFAEL EIDI TSUKAHARA,YARA CLUBE/ACADEMIA NELSON MACHADO/UNIMED/UNIMAR/SELJ-MARÍLIA-SP,MASTER 30MAS,135,45,10,10,0,25,45,,
7,CARLOS EDUARDO PAULA PEREZ,ASSOCIAÇÃO CULTURAL E DESPORTIVA DE ASSIS - SP,MASTER 60MAS,135,45,10,10,25,0,45,,
7,JORGE ATSUKI TSUKADA,ASSOC. NOVA ERA DE T.M.-SP,MASTER 70MAS,135,10,25,25,25,25,25,,
7,YURI ANTÔNIO CÂNDIDO DO PRADO,PRESIDENTE VENCESLAU-SP,SUB-11 MAS,135,10,25,25,25,25,25,,
5,SAMUEL DAVI MARTINS,TENIS DE MESA PAULISTA-OSVALDO CRUZ-SP,SUB-13 MAS,135,25,25,25,25,25,10,,
5,LUCAS HIDEKI MAEDA,ATEMEL/ACEL LONDRINA - PR,SUB-13 MAS,135,80,45,0,10,0,0,,
5,ALISSON CHAGAS,ASSOC. NOVA ERA DE T.M.-SP,SUB-17 MAS,135,45,80,10,0,0,0,,
7,VITOR KENJI YAKUSHIJIN TANIGUTI,ATEMEL/ACEL LONDRINA - PR,SUB-19 MAS,135,45,45,0,45,0,0,,
6,GIOVANNA DOS SANTOS FELICIANO SOARES,ASSOCIAÇÃO CULTURAL E DESPORTIVA DE ASSIS - SP,ABSOLUTO A FEM,130,10,25,45,0,25,25,,
6,JESSICA SILVA PRATES,ACADEMIA DE TÊNIS DE MESA LIFE PONG - SP,ABSOLUTO A FEM,130,130,0,0,0,0,0,,
8,PAULO DE SOUZA JÚNIOR,ASSOCIAÇÃO OURINHENSE DE BEM ESTAR-SP,ABSOLUTO A MAS,130,25,25,25,45,0,10,,
6,SHEILA SOUZA,ASSOCIAÇÃO CULTURAL E DESPORTIVA DE ASSIS - SP,MASTER 40FEM,130,130,0,0,0,0,0,,
7,ROSA REIKO TANIGUCHI,TM OESTE PAULISTA BASTOS - LIGA-SP,MASTER 60FEM,130,0,10,25,25,25,45,,
7,MATEUS KENJI TASHIRO,ARAÇA PONG / SMELR ARAÇATUBA – SP,SUB-13 MAS,130,45,0,25,25,10,25,,
7,MIGUEL CHAGAS DE ALMEIDA,ASSOC. NOVA ERA DE T.M.-SP,SUB-13 MAS,130,25,25,10,25,45,0,,
8,MURILO TASSI BACALINE,SPEED PONG ATM/UNIMED FEDERAÇÃO-MS,SUB-15 MAS,130,0,130,0,0,0,0,,
6,KAROLINE GOMES OLIVEIRA GRUCHOSKI,ASSOC. DOS MESATENISTAS DE CASCÁVEL-PR,SUB-17 FEM,130,0,0,0,0,0,130,,
6,JOSE CLAUDIO MAGALHAES REIS,TM BIRIGUI LIGA-SP,SUB-17 MAS,130,10,10,45,10,10,45,,
6,WILLIAM EDUARDO RESENDE BUSSOM,ESPORTE CLUBE PRAIA GRANDE - SP,SUB-17 MAS,130,130,0,0,0,0,0,,
6,LEONARDO AMAKU ISHIKAWA,YARA CLUBE/ACADEMIA NELSON MACHADO/UNIMED/UNIMAR/SELJ-MARÍLIA-SP,SUB-17 MAS,130,0,0,0,0,0,130,,
7,MARCOS PAULO BRAMBILA,TENIS DE MESA PAULISTA-OSVALDO CRUZ-SP,SUB-21 MAS,130,25,25,45,0,10,25,,
7,ROBERTO ALVES TAVEIRA NETO,TM BIRIGUI LIGA-SP,SUB-21 MAS,130,25,45,10,0,25,25,,
7,MILENE TIENO SAKATA VASCONCELLOS,ARTM/ACER - ROLÂNDIA - PR,MASTER 30FEM,125,45,80,0,0,0,0,,
7,FELIPE FERNANDES SILVEIRA,ASSOCIAÇÃO OURINHENSE DE BEM ESTAR-SP,MASTER 30MAS,125,25,10,25,45,10,10,,
6,MARIA VALENTINA SCARTOZZONI,ACADEMIA NELSON MACHADO/YARA CLUBE/UNIMED/UNIMAR/SELJ-MARILIA-SPDE MARÍLIA-LIGA-SP,SUB-09 FEM,125,25,25,0,25,25,25,,
6,SOPHIA ELIZABETE BATISTA DO PRADO,PRESIDENTE VENCESLAU-SP,SUB-09 FEM,125,25,25,25,25,0,25,,
7,RHEBEKA PADERES DE SOUZA,TENIS DE MESA PAULISTA-OSVALDO CRUZ-SP,SUB-13 FEM,125,25,25,25,25,0,25,,
9,LEONARDO PORCIÚNCULA ABBONDANZA,ASSOC. NOVA ERA DE T.M.-SP,SUB-17 MAS,125,10,25,10,45,10,25,,
7,THAYNA VITORIA DOS SANTOS DE SOUZA,ACADEMIA NELSON MACHADO/YARA CLUBE/UNIMED/UNIMAR/SELJ-MARILIA-SPDE MARÍLIA-LIGA-SP,SUB-21 FEM,125,25,25,25,25,25,0,,
8,MÁRIO HENRIQUE DE ALMEIDA ZOCANTE,ASSOCIAÇÃO OURINHENSE DE BEM ESTAR-SP,MASTER 30MAS,120,45,25,25,25,0,0,,
7,GRAZIELA ANANIAS SOARES PISTORI,ARAÇA PONG / SMELR ARAÇATUBA – SP,MASTER 40FEM,120,25,25,0,0,25,45,,
6,RAFAEL BERNARDO MESSIAS,ASSOCIAÇÃO OURINHENSE DE BEM ESTAR-SP,MASTER 40MAS,120,25,10,25,25,10,25,,
6,NILSON NOBORU TOHYAMA,ASSOCIAÇÃO CULTURAL E DESPORTIVA DE ASSIS - SP,MASTER 40MAS,120,25,10,10,25,25,25,,
7,PAULA SAYURI KAMIMOTO,ACERT TUPÃ - LIGA - SP,MASTER 50FEM,120,25,25,0,25,45,0,,
8,WILSON NORIO AKAZAKI,TM OESTE PAULISTA BASTOS - LIGA-SP,MASTER 60MAS,120,10,25,25,25,10,25,,
8,MARIO MINORU TOHYAMA,ASSOCIAÇÃO CULTURAL E DESPORTIVA DE ASSIS - SP,MASTER 70MAS,120,25,25,0,25,45,0,,
6,ELISA FERNANDES DE SOUZA,TENIS DE MESA PAULISTA-OSVALDO CRUZ-SP,SUB-11 FEM,120,10,10,25,25,25,25,,
7,LARA GABRIELLY SOUZA DA SILVA,PRESIDENTE VENCESLAU-SP,SUB-15 FEM,120,10,25,10,25,25,25,,
9,HUGO DELAI FERREIRA SANTOS,TENIS DE MESA PAULISTA-OSVALDO CRUZ-SP,SUB-15 MAS,120,25,10,25,25,25,10,,
8,LILIAN DOS SANTOS CARDOSO,TM BIRIGUI LIGA-SP,MASTER 30FEM,115,0,0,25,0,45,45,,
8,JÚLIO CÉSAR PEREIRA,ARAÇA PONG / SMELR ARAÇATUBA – SP,MASTER 40MAS,115,10,45,25,0,25,10,,
9,NILTON POMPEU,DRACENA TM-SP,MASTER 60MAS,115,25,0,10,25,10,45,,
9,RENATO BICALHO DIAS,ASSOC. NOVA ERA DE T.M.-SP,MASTER 60MAS,115,45,0,45,0,25,0,,
11,WOLNEY MARCOS OLIVEIRA CHAGAS,TM BIRIGUI LIGA-SP,MASTER 60MAS,110,0,25,25,10,25,25,,
9,MARCUS VINICIUS MAIA DA CRUZ,NEW PONG - SÃO JOSÉ DO RIO PRETO/SP - ACADEMIA DE TÊNIS DE MESA,MASTER 30MAS,105,0,45,25,0,10,25,,
9,THIAGO CRISTIANO GENSE,ASSOC.DE T.M.OESTE PAULISTA-PRES.PRUDENTE-LIGA-SP,MASTER 40MAS,105,25,25,0,10,45,0,,
9,AURO MITSUYOSHI SAKURABA,ASSOCIAÇÃO CULTURAL E DESPORTIVA DE ASSIS - SP,MASTER 50MAS,105,25,10,0,45,25,0,,
8,MIGUEL KENGI MANTOVAN YASSUDA,NEW PONG - SÃO JOSÉ DO RIO PRETO/SP - ACADEMIA DE TÊNIS DE MESA,SUB-11 MAS,105,10,10,25,25,25,10,,
9,BRENO EUGENIO DA SILVA MAURO,ASSOCIAÇÃO CULTURAL E DESPORTIVA DE ASSIS - SP,SUB-13 MAS,105,10,25,25,10,25,10,,
10,JOÃO EDUARDO RIBEIRO MIRA,YARA CLUBE/ACADEMIA NELSON MACHADO/UNIMED/UNIMAR/SELJ-MARÍLIA-SP,SUB-15 MAS,105,25,10,10,10,25,25,,
8,MARIA HELENA BOTTAN BERENGUE,ACERT TUPÃ - LIGA - SP,MASTER 40FEM,100,25,25,25,25,0,0,,
8,MARIA VANIRDE VOLPI DA SILVA,ACERT TUPÃ - LIGA - SP,MASTER 60FEM,100,25,25,25,0,0,25,,
11,JOÃO VITTOR ALCANTARA DE SOUZA,MIRASSOL TENIS DE MESA,SUB-15 MAS,100,10,10,45,0,10,25,,
7,GABRIELA AYUMI VESPA IMAMURA,NEW PONG - SÃO JOSÉ DO RIO PRETO/SP - ACADEMIA DE TÊNIS DE MESA,SUB-17 FEM,100,25,25,25,0,25,0,,
8,LORENA INGEGNERI MONTEIRO DE CASTRO,ACERT TUPÃ - LIGA - SP,ABSOLUTO A FEM,95,25,0,0,45,0,25,,
9,MATHEUS L SILVA,TM BIRIGUI LIGA-SP,ABSOLUTO A MAS,95,25,0,0,0,45,25,,
10,PAULO A. PISTORI,ARAÇA PONG / SMELR ARAÇATUBA – SP,MASTER 40MAS,95,10,45,10,10,10,10,,
10,SERGIO TOCHIAKI SAKAI,ASSOC. NOVA ERA DE T.M.-SP,MASTER 50MAS,95,0,10,10,25,25,25,,
7,LAURA MACERA SANTOS,PRESIDENTE VENCESLAU-SP,SUB-11 FEM,95,10,25,25,0,10,25,,
8,YUKINA NICOLE DE SANTANA OGIHARA,TENIS DE MESA PAULISTA-OSVALDO CRUZ-SP,SUB-13 FEM,95,10,0,25,25,25,10,,
8,EVA GABRIELLA GRIAO FUKASAWA,PRESIDENTE VENCESLAU-SP,SUB-13 FEM,95,25,45,25,0,0,0,,
10,GABRIEL GUILHERME MENDES,CLUBE LENÇOENSE DE TÊNIS DE MESA-LIGA-SP,SUB-17 MAS,95,10,25,10,25,25,0,,
9,CARLOS EDUARDO BONATO,CLUBE LENÇOENSE DE TÊNIS DE MESA-LIGA-SP,SUB-21 MAS,95,45,0,25,25,0,0,,
10,RODRIGO MILANE SILVA,ASSOCIAÇÃO OURINHENSE DE BEM ESTAR-SP,ABSOLUTO A MAS,90,10,10,10,25,10,25,,
10,DOUGLAS CASSIANO DE PAIS,ASSOCIAÇÃO OURINHENSE DE BEM ESTAR-SP,MASTER 30MAS,90,25,10,10,25,10,10,,
10,LUIS FERNANDO LEITE,TM ÁLVARES MACHADO-LIGA-SP,MASTER 30MAS,90,10,10,10,25,10,25,,
11,RAFAEL RUJANOSKI LAITER,ASSOCIAÇÃO CULTURAL E DESPORTIVA DE ASSIS - SP,MASTER 40MAS,90,10,25,25,10,10,10,,
11,KENGI RICARDO YASSUDA,NEW PONG - SÃO JOSÉ DO RIO PRETO/SP - ACADEMIA DE TÊNIS DE MESA,MASTER 40MAS,90,25,10,10,10,25,10,,
11,EMERSON LUÍS DE SOUZA,ASSOCIAÇÃO CULTURAL E DESPORTIVA DE ASSIS - SP,MASTER 50MAS,90,10,10,10,25,10,25,,
9,PAULO SHIGUERU YAMAKAMI,DRACENA TM-SP,MASTER 70MAS,90,0,0,0,0,45,45,,
8,ISABELA DA LUCCA MATOS,ASSOCIAÇÃO OURINHENSE DE BEM ESTAR-SP,SUB-09 FEM,90,0,0,0,0,45,45,,
8,ANA CLARA ABRUCEZZI COQUEIRO,ACADEMIA NELSON MACHADO/YARA CLUBE/UNIMED/UNIMAR/SELJ-MARILIA-SPDE MARÍLIA-LIGA-SP,SUB-11 FEM,90,10,10,25,25,10,10,,
9,ENRICO ESTEVES STEVANATO,YARA CLUBE/ACADEMIA NELSON MACHADO/UNIMED/UNIMAR/SELJ-MARÍLIA-SP,SUB-11 MAS,90,10,0,10,25,0,45,,
10,LUCAS GRATAO DA PAZ,ASSOCIAÇÃO CULTURAL E DESPORTIVA DE ASSIS - SP,SUB-13 MAS,90,0,25,10,10,0,45,,
8,PIETRA TEIXEIRA PEREIRA PUPIM,PRESIDENTE VENCESLAU-SP,SUB-15 FEM,90,25,10,10,10,25,10,,
8,ISABELLA DO PRADO WECHTER,NEW PONG - SÃO JOSÉ DO RIO PRETO/SP - ACADEMIA DE TÊNIS DE MESA,SUB-17 FEM,90,0,0,0,45,45,0,,
11,PEDRO PINHEIRO HERNANDES,NEW PONG - SÃO JOSÉ DO RIO PRETO/SP - ACADEMIA DE TÊNIS DE MESA,SUB-17 MAS,90,0,0,0,0,80,10,,
11,SAMUEL DE SOUZA BARBOSA,MIRASSOL TENIS DE MESA,SUB-17 MAS,90,10,45,25,0,0,10,,
11,CARLOS EDUARDO LEITE LOURENÇÃO,CLUBE LENÇOENSE DE TÊNIS DE MESA-LIGA-SP,SUB-17 MAS,90,10,10,10,25,10,25,,
8,ENZO DE CARVALHO MARIN,NEW PONG - SÃO JOSÉ DO RIO PRETO/SP - ACADEMIA DE TÊNIS DE MESA,SUB-19 MAS,90,10,10,45,0,0,25,,
9,SIGRID ANE SANTANA,CLUBE LENÇOENSE DE TÊNIS DE MESA-LIGA-SP,ABSOLUTO A FEM,85,0,10,25,25,0,25,,
12,GUILHERME MENDES DE CARVALHO,ARAÇA PONG / SMELR ARAÇATUBA – SP,MASTER 50MAS,85,10,0,10,10,10,45,,
7,MARCELO CHINA OKUMA,ACERT TUPÃ - LIGA - SP,SUB-09 MAS,85,25,10,0,0,25,25,,
10,LUIZ MIGUEL HIGUCHI NEPONOCENA,TM OESTE PAULISTA BASTOS - LIGA-SP,SUB-11 MAS,85,10,0,10,10,45,10,,
9,JÚLIA CABRERA VUOLO,ARAÇA PONG / SMELR ARAÇATUBA – SP,SUB-15 FEM,85,0,25,25,10,0,25,,
14,VICTOR HUGO RODRIGUES ALVES,CLUBE LENÇOENSE DE TÊNIS DE MESA-LIGA-SP,SUB-17 MAS,85,25,25,0,0,25,10,,
10,LUCAS TAKAKI MENDES DE CARVALHO,ARAÇA PONG / SMELR ARAÇATUBA – SP,SUB-21 MAS,85,0,25,10,0,25,25,,
8,ANA PAULA FUMIE SAKIHAMA,ASSOCIAÇÃO CULTURAL E DESPORTIVA DE ASSIS - SP,MASTER 50FEM,80,80,0,0,0,0,0,,
13,ALEXANDRE LAZARIM CALDEIRA,ARAÇA PONG / SMELR ARAÇATUBA – SP,MASTER 50MAS,80,0,0,0,0,80,0,,
12,VALTER GUARIDO MARQUES,CLUBE LENÇOENSE DE TÊNIS DE MESA-LIGA-SP,MASTER 60MAS,80,10,10,0,10,25,25,,
10,EUGÊNIO VALENTIM BALAN,ASSOC.DE T.M.OESTE PAULISTA-PRES.PRUDENTE-LIGA-SP,MASTER 70MAS,80,80,0,0,0,0,0,,
9,SOFIA MACERA SANTOS,PRESIDENTE VENCESLAU-SP,SUB-11 FEM,80,25,25,10,0,10,10,,
11,FELIPE ASSUNÇÃO VIEIRA,NEW PONG - SÃO JOSÉ DO RIO PRETO/SP - ACADEMIA DE TÊNIS DE MESA,SUB-13 MAS,80,10,10,10,0,25,25,,
10,EMILY PRADO ROCCHI FOGAGNOLO,JAU PONG TÊNIS DE MESA LTDA-SP,SUB-15 FEM,80,0,0,80,0,0,0,,
15,MIGUEL SANTANA DONA,TM BIRIGUI LIGA-SP,SUB-17 MAS,80,80,0,0,0,0,0,,
6,ESTHER RODRIGUES,MIRASSOL TENIS DE MESA - SP,SUB-19 FEM,80,0,0,0,0,0,80,,
11,KAUAN SHOJI,ASSOC.DE T.M.OESTE PAULISTA-PRES.PRUDENTE-LIGA-SP,SUB-21 MAS,80,0,10,0,25,0,45,,
12,ALAN TAJERO,YARA CLUBE/ACADEMIA NELSON MACHADO/UNIMED/UNIMAR/SELJ-MARÍLIA-SP,MASTER 30MAS,75,10,10,10,10,25,10,,
13,GIULIANO HIDEO THOMAZINI FUKASAWA,PRESIDENTE VENCESLAU-SP,MASTER 40MAS,75,10,10,10,10,25,10,,
14,LUIS HENRIQUE YOSHIMI KUBOTA,ASSOCIAÇÃO CULTURAL E DESPORTIVA DE ASSIS - SP,MASTER 50MAS,75,10,10,10,10,10,25,,
8,JOÃO PEDRO PASCOTO KITAMURA,YARA CLUBE/ACADEMIA NELSON MACHADO/UNIMED/UNIMAR/SELJ-MARÍLIA-SP,SUB-09 MAS,75,25,25,25,0,0,0,,
11,GUSTAVO FELIPE OLIVEIRA DA SILVA,TENIS DE MESA PAULISTA-OSVALDO CRUZ-SP,SUB-11 MAS,75,10,10,10,10,25,10,,
11,BENJAMIN FELLIPE SUIZU GARCIA,TM OESTE PAULISTA BASTOS - LIGA-SP,SUB-11 MAS,75,10,10,10,10,10,25,,
10,LIVIA FERNANDA COSTA SENA,ACADEMIA NELSON MACHADO/YARA CLUBE/UNIMED/UNIMAR/SELJ-MARILIA-SPDE MARÍLIA-LIGA-SP,SUB-13 FEM,75,10,10,10,25,10,10,,
12,JEFFERSON FELIPE GONÇALVES LINO,PRESIDENTE VENCESLAU-SP,SUB-13 MAS,75,25,10,10,10,10,10,,
12,VICENZO SCARTOZZONI,ACADEMIA NELSON MACHADO/YARA CLUBE/UNIMED/UNIMAR/SELJ-MARILIA-SPDE MARÍLIA-LIGA-SP,SUB-13 MAS,75,10,10,10,10,10,25,,
12,NATHAN SÔNEGO ARAÚJO,ARAÇA PONG / SMELR ARAÇATUBA – SP,SUB-15 MAS,75,10,10,25,10,10,10,,
12,LUIZ GUSTAVO DA SILVA,CLUBE LENÇOENSE DE TÊNIS DE MESA-LIGA-SP,SUB-15 MAS,75,25,10,10,10,10,10,,
12,GUILHERME SERAFIM CASSALHO,TM BIRIGUI LIGA-SP,SUB-15 MAS,75,10,10,10,10,10,25,,
12,FILIPI DE ARRUDA PEREIRA,ASSOC.DE T.M.OESTE PAULISTA-PRES.PRUDENTE-LIGA-SP,SUB-15 MAS,75,10,10,10,10,10,25,,
10,KAROLEN SANTANA ROSSI,NEW PONG - SÃO JOSÉ DO RIO PRETO/SP - ACADEMIA DE TÊNIS DE MESA,ABSOLUTO A FEM,70,0,25,25,0,10,10,,
11,HENRIQUE BAISCH SEVERINO,ASSOCIAÇÃO OURINHENSE DE BEM ESTAR-SP,ABSOLUTO A MAS,70,0,25,10,10,25,0,,
11,ANDRE FIGUEIREDO DOS SANTOS,ASSOCIAÇÃO OURINHENSE DE BEM ESTAR-SP,ABSOLUTO A MAS,70,10,10,25,25,0,0,,
9,THAIS DE LUCA RASTELLI,ACADEMIA NELSON MACHADO/YARA CLUBE/UNIMED/UNIMAR/SELJ-MARILIA-SPDE MARÍLIA-LIGA-SP,MASTER 30FEM,70,45,0,25,0,0,0,,
13,RAFAEL EIGI KITAGAVA,ASSOCIAÇÃO CULTURAL E DESPORTIVA DE ASSIS - SP,MASTER 30MAS,70,25,25,10,10,0,0,,
13,GUILHERME BARBOSA DA SILVA SANTOS,PRESIDENTE VENCESLAU-SP,SUB-11 MAS,70,25,25,0,10,0,10,,
11,MAITE DE MELO SANTANA,YARA CLUBE/ACADEMIA NELSON MACHADO/UNIMED/UNIMAR/SELJ-MARÍLIA-SP,SUB-13 FEM,70,0,0,0,45,0,25,,
14,HEITOR KENZO VESPA IMAMURA,NEW PONG - SÃO JOSÉ DO RIO PRETO/SP - ACADEMIA DE TÊNIS DE MESA,SUB-13 MAS,70,10,10,25,0,25,0,,
12,VINÍCIUS MARCOLAR TAVARES,ASSOCIAÇÃO CULTURAL E DESPORTIVA DE ASSIS - SP,SUB-21 MAS,70,25,25,0,10,10,0,,
14,MATHEUS FORTE AMARANTE,MIRASSOL TENIS DE MESA,MASTER 30MAS,65,10,0,0,0,45,10,,
14,RAFHAEL MARTINS NAVARRO,YARA CLUBE/ACADEMIA NELSON MACHADO/UNIMED/UNIMAR/SELJ-MARÍLIA-SP,MASTER 40MAS,65,0,0,0,10,45,10,,
15,ALMIR ROGÉRIO BORTOLETO,NEW PONG - SÃO JOSÉ DO RIO PRETO/SP - ACADEMIA DE TÊNIS DE MESA,MASTER 50MAS,65,25,10,10,0,10,10,,
12,ANNE CAROLLINE SUIZU GARCIA,TM OESTE PAULISTA BASTOS - LIGA-SP,SUB-13 FEM,65,10,25,10,10,0,10,,
15,MIGUEL KENJI INOUE DE PAULA,NEW PONG - SÃO JOSÉ DO RIO PRETO/SP - ACADEMIA DE TÊNIS DE MESA,SUB-13 MAS,65,10,0,10,10,10,25,,
16,MIGUEL LOSNAK PLANA,ASSOC. NOVA ERA DE T.M.-SP,SUB-17 MAS,65,10,10,0,0,45,0,,
11,MELISSA KAZUMI HYODO,ACERT TUPÃ - LIGA - SP,ABSOLUTO A FEM,60,25,0,0,25,10,0,,
13,CAUAN SILVA E SOUSA,NEW PONG - SÃO JOSÉ DO RIO PRETO/SP - ACADEMIA DE TÊNIS DE MESA,ABSOLUTO A MAS,60,10,10,10,10,10,10,,
13,JEAN PABLO NAZO,TENIS DE MESA PAULISTA-OSVALDO CRUZ-SP,ABSOLUTO A MAS,60,10,10,10,10,10,10,,
10,PRISCILA GALBIATTI VESPA IMAMURA,NEW PONG - SÃO JOSÉ DO RIO PRETO/SP - ACADEMIA DE TÊNIS DE MESA,MASTER 30FEM,60,25,25,10,0,0,0,,
15,ERIK HIDEKI HIGUCHI,TM OESTE PAULISTA BASTOS - LIGA-SP,MASTER 30MAS,60,10,10,10,10,10,10,,
15,EDNEI CARLOS DA SILVA,ARAÇA PONG / SMELR ARAÇATUBA – SP,MASTER 30MAS,60,10,0,0,0,25,25,,
15,NUEDIR ZANELATTI,ASSOCIAÇÃO CULTURAL E DESPORTIVA DE ASSIS - SP,MASTER 40MAS,60,10,10,10,10,10,10,,
15,FABIO YUZO OKUYAMA,TM OESTE PAULISTA BASTOS - LIGA-SP,MASTER 40MAS,60,10,10,10,10,10,10,,
14,MIGUEL VERDELHO BERTO LUCIO,ACADEMIA NELSON MACHADO/YARA CLUBE/UNIMED/UNIMAR/SELJ-MARILIA-SPDE MARÍLIA-LIGA-SP,SUB-11 MAS,60,10,10,10,10,10,10,,
14,RYAN DANIEL PRATO LOPES,ACADEMIA NELSON MACHADO/YARA CLUBE/UNIMED/UNIMAR/SELJ-MARILIA-SPDE MARÍLIA-LIGA-SP,SUB-11 MAS,60,10,10,10,10,10,10,,
14,LUAN ENZO FUJIMOTO HANAI,TM OESTE PAULISTA BASTOS - LIGA-SP,SUB-11 MAS,60,10,10,10,10,10,10,,
13,JULIA MOREIRA FONTES,TM BIRIGUI LIGA-SP,SUB-13 FEM,60,0,0,10,0,25,25,,
16,RAFAEL TRINETTA VALADAS,ACADEMIA NELSON MACHADO/YARA CLUBE/UNIMED/UNIMAR/SELJ-MARILIA-SPDE MARÍLIA-LIGA-SP,SUB-13 MAS,60,10,10,10,10,10,10,,
16,RYAN AUGUSTUS FERREIRA PELETEIRO,ACERT TUPÃ - LIGA - SP,SUB-13 MAS,60,10,10,10,10,10,10,,
16,FRANCISCO MELIOS CRUZ,ARAÇA PONG / SMELR ARAÇATUBA – SP,SUB-13 MAS,60,10,10,10,10,10,10,,
16,FELIPE CANTARIM DE CARVALHO,ASSOCIAÇÃO CULTURAL E DESPORTIVA DE ASSIS - SP,SUB-13 MAS,60,10,10,10,10,10,10,,
16,LUCAS TEGANA LIMA DA SILVA,ASSOCIAÇÃO CULTURAL E DESPORTIVA DE ASSIS - SP,SUB-13 MAS,60,10,10,10,10,10,10,,
16,THEO TAVARE MARQUES SOBREIRA,DRACENA TM-SP,SUB-13 MAS,60,10,10,10,10,10,10,,
16,ARTHUR FERNANDES BISSOLI,TENIS DE MESA PAULISTA-OSVALDO CRUZ-SP,SUB-13 MAS,60,10,10,10,10,10,10,,
16,LUÍS FELIPE MORAIS BARRETO,TENIS DE MESA PAULISTA-OSVALDO CRUZ-SP,SUB-13 MAS,60,10,10,10,10,10,10,,
16,RAPHAEL ORLANDO DA SILVA,TENIS DE MESA PAULISTA-OSVALDO CRUZ-SP,SUB-13 MAS,60,10,10,10,10,10,10,,
16,JOAQUIM WINGERS FERREIRA,TM OESTE PAULISTA BASTOS - LIGA-SP,SUB-13 MAS,60,10,10,10,10,10,10,,
16,THIAGO HENRIQUE CORNETO,TM OESTE PAULISTA BASTOS - LIGA-SP,SUB-13 MAS,60,10,10,10,10,10,10,,
16,ENZO VENANCIO ARAUJO,TM BIRIGUI LIGA-SP,SUB-15 MAS,60,10,10,10,10,10,10,,
16,MARCIO AKIRA RODRIGUES IWATA,ARAÇA PONG / SMELR ARAÇATUBA – SP,SUB-15 MAS,60,10,10,10,10,10,10,,
16,NICHOLAS SÔNEGO ARAÚJO,ARAÇA PONG / SMELR ARAÇATUBA – SP,SUB-15 MAS,60,10,10,10,10,10,10,,
16,ISAAC ARRUDA ANTUNES,ASSOCIAÇÃO CULTURAL E DESPORTIVA DE ASSIS - SP,SUB-15 MAS,60,10,10,10,10,10,10,,
16,FELIPE JORDÃO SANTANA,CLUBE LENÇOENSE DE TÊNIS DE MESA-LIGA-SP,SUB-15 MAS,60,10,10,10,10,10,10,,
16,GABRIEL HENRIQUE VAROTTO BOVE,CLUBE LENÇOENSE DE TÊNIS DE MESA-LIGA-SP,SUB-15 MAS,60,10,10,10,10,10,10,,
16,JOSÉ ROBERTO SILVESTRE FRANCO MIRANDA,PRESIDENTE VENCESLAU-SP,SUB-15 MAS,60,10,10,10,10,10,10,,
16,CAETANO LOPES ASSEM,YARA CLUBE/ACADEMIA NELSON MACHADO/UNIMED/UNIMAR/SELJ-MARÍLIA-SP,SUB-15 MAS,60,10,10,10,10,10,10,,
16,EDUARDO YERA NAKAJUM,YARA CLUBE/ACADEMIA NELSON MACHADO/UNIMED/UNIMAR/SELJ-MARÍLIA-SP,SUB-15 MAS,60,10,10,10,10,10,10,,
16,MIGUEL ALBIERI PIGOZZI,YARA CLUBE/ACADEMIA NELSON MACHADO/UNIMED/UNIMAR/SELJ-MARÍLIA-SP,SUB-15 MAS,60,10,10,10,10,10,10,,
16,PEDRO HENRIQUE DO SANTOS LIMA,TM BIRIGUI LIGA-SP,SUB-15 MAS,60,10,10,10,10,10,10,,
17,CAUÊ GUIJO MUNHOZ,ACADEMIA NELSON MACHADO/YARA CLUBE/UNIMED/UNIMAR/SELJ-MARILIA-SPDE MARÍLIA-LIGA-SP,SUB-17 MAS,60,10,10,10,10,10,10,,
17,YURI DE SANTANA ROSA LUNA,ASSOCIAÇÃO CULTURAL E DESPORTIVA DE ASSIS - SP,SUB-17 MAS,60,10,10,10,10,10,10,,
17,CAIO RODRIGUES CARVALHO,CLUBE LENÇOENSE DE TÊNIS DE MESA-LIGA-SP,SUB-17 MAS,60,10,10,10,10,10,10,,
17,JULIO CESAR RIBEIO COSTA FILHO,DRACENA TM-SP,SUB-17 MAS,60,10,10,10,10,10,10,,
17,JOÃO DE MORAIS NAVARRO,ASSOC. NOVA ERA DE T.M.-SP,SUB-17 MAS,60,0,25,10,0,25,0,,
9,GUSTAVO PEREIRA SOLER,TM BIRIGUI LIGA-SP,SUB-19 MAS,60,10,0,0,0,25,25,,
15,LUCAS BISPO DOS SANTOS,ARAÇA PONG / SMELR ARAÇATUBA – SP,ABSOLUTO A MAS,55,10,0,10,0,25,10,,
15,NICOLAS DOS SANTOS LOURENÇO,MIRASSOL TENIS DE MESA,ABSOLUTO A MAS,55,10,10,10,0,0,25,,
17,THIAGO SILVA CERQUEIRA,ASSOC. NOVA ERA DE T.M.-SP,MASTER 40MAS,55,10,0,10,0,10,25,,
17,GUSTAVO NISHIMURA ARAGAKI,ACERT TUPÃ - LIGA - SP,MASTER 40MAS,55,10,10,0,25,10,0,,
9,ROSA IKUKO MOTOKI ITO,TM OESTE PAULISTA BASTOS - LIGA-SP,MASTER 60FEM,55,0,10,25,10,0,10,,
13,ADEMIR FERREIRA DE SOUZA,YARA CLUBE/ACADEMIA NELSON MACHADO/UNIMED/UNIMAR/SELJ-MARÍLIA-SP,MASTER 60MAS,55,0,10,0,10,10,25,,
9,AUGUSTO HERNANDES ALMEIDA,ACERT TUPÃ - LIGA - SP,SUB-09 MAS,55,10,10,0,0,25,10,,
17,RAFAEL VIEIRA DE PAULA,ARAÇA PONG / SMELR ARAÇATUBA – SP,SUB-11 MAS,55,0,0,10,10,25,10,,
14,MARINA CHINA OKUMA,ACERT TUPÃ - LIGA - SP,SUB-13 FEM,55,25,10,10,0,0,10,,
27,MURILO ITO AGUIAR,CLUBE LENÇOENSE DE TÊNIS DE MESA-LIGA-SP,SUB-13 MAS,55,0,0,10,25,10,10,,
22,MATEUS GABRIEL ARRIERO XAVIER,ARAÇA PONG / SMELR ARAÇATUBA – SP,SUB-17 MAS,55,0,0,10,10,25,10,,
22,LEANDRO YUKIO ASAKAWA,TENIS DE MESA PAULISTA-OSVALDO CRUZ-SP,SUB-17 MAS,55,10,0,10,25,10,0,,
10,ISAAC MANTOVANI DE FARIAS,TENIS DE MESA PAULISTA-OSVALDO CRUZ-SP,SUB-19 MAS,55,0,10,0,0,0,45,,
12,GABRIELLE LU FAN,ACERT TUPÃ - LIGA - SP,ABSOLUTO A FEM,50,25,25,0,0,0,0,,
17,LEONARDO RODRIGUES DA SILVA,ACERT TUPÃ - LIGA - SP,ABSOLUTO A MAS,50,10,10,10,10,0,10,,
17,LUCAS  GUEDES  LANZA,TM ÁLVARES MACHADO-LIGA-SP,ABSOLUTO A MAS,50,10,10,10,10,0,10,,
17,RAFAEL AKIO YAMAKAWA,ASSOCIAÇÃO CULTURAL E DESPORTIVA DE ASSIS - SP,ABSOLUTO A MAS,50,10,10,10,10,10,0,,
17,ALISSON BSPO CARLIN,DRACENA TM-SP,ABSOLUTO A MAS,50,10,10,10,10,10,0,,
17,GABRIEL DOS SANTOS GODOY URA,ASSOC. NOVA ERA DE T.M.-SP,MASTER 30MAS,50,10,10,10,0,10,10,,
17,VINICIUS CHICALE DE SOUZA,ASSOC.DE T.M.OESTE PAULISTA-PRES.PRUDENTE-LIGA-SP,MASTER 30MAS,50,0,10,10,10,10,10,,
17,WAGNER WILLIAN PESCARA,CLUBE LENÇOENSE DE TÊNIS DE MESA-LIGA-SP,MASTER 30MAS,50,0,10,10,10,10,10,,
9,SARA ELIZA PINHEIRO,ASSOCIAÇÃO CULTURAL E DESPORTIVA DE ASSIS - SP,MASTER 40FEM,50,0,0,0,25,25,0,,
19,ADEMIR JOSÉ DE  DEUS,TM BIRIGUI LIGA-SP,MASTER 40MAS,50,10,10,10,0,10,10,,
19,WAGNER DOS SANTOS MARTINS,ASSOCIAÇÃO OURINHENSE DE BEM ESTAR-SP,MASTER 40MAS,50,0,10,10,10,10,10,,
19,EDUARDO OLIVEIRA MARQUES,YARA CLUBE/ACADEMIA NELSON MACHADO/UNIMED/UNIMAR/SELJ-MARÍLIA-SP,MASTER 40MAS,50,10,10,10,10,10,0,,
16,WALMIR PEREIRA SALMAZZO,TM ÁLVARES MACHADO-LIGA-SP,MASTER 50MAS,50,10,10,10,10,10,0,,
11,JOSÉ EDGARD RIBEIRO,ASSOC. NOVA ERA DE T.M.-SP,MASTER 70MAS,50,0,0,25,0,25,0,,
10,GABRIEL DE MORAES COELHO,ASSOCIAÇÃO OURINHENSE DE BEM ESTAR-SP,SUB-09 MAS,50,0,0,25,25,0,0,,
10,MARIA JULIA MATTIUZO GARLA,YARA CLUBE/ACADEMIA NELSON MACHADO/UNIMED/UNIMAR/SELJ-MARÍLIA-SP,SUB-11 FEM,50,0,25,0,0,0,25,,
18,NICOLLAS GABRIEL PEGO,ACADEMIA NELSON MACHADO/YARA CLUBE/UNIMED/UNIMAR/SELJ-MARILIA-SPDE MARÍLIA-LIGA-SP,SUB-11 MAS,50,10,0,10,10,10,10,,
18,MIGUEL FARIA DE ARAUJO,ACADEMIA NELSON MACHADO/YARA CLUBE/UNIMED/UNIMAR/SELJ-MARILIA-SPDE MARÍLIA-LIGA-SP,SUB-11 MAS,50,0,10,10,10,10,10,,
18,GABRIEL SATOSHI MAKI ONO,TM OESTE PAULISTA BASTOS - LIGA-SP,SUB-11 MAS,50,0,10,10,10,10,10,,
18,NICOLAS KENSHIN NOGUTI,STREET PONG - PR,SUB-11 MAS,50,25,25,0,0,0,0,,
15,MARIA LUIZA SILVESTRINI,ASSOCIAÇÃO OURINHENSE DE BEM ESTAR-SP,SUB-13 FEM,50,10,10,0,10,10,10,,
28,MURILO SOLIGUETI,TENIS DE MESA PAULISTA-OSVALDO CRUZ-SP,SUB-13 MAS,50,10,10,10,0,10,10,,
28,LUCAS RAFAEL DA CRUZ RIBEIRO.,PRESIDENTE VENCESLAU-SP,SUB-13 MAS,50,10,0,10,10,10,10,,
28,LEONARDO SATO CEBALLOS,DRACENA TM-SP,SUB-13 MAS,50,0,10,10,10,10,10,,
28,THIAGO GONÇALVES CAVALCANTI IGNACIO,ACADEMIA NELSON MACHADO/YARA CLUBE/UNIMED/UNIMAR/SELJ-MARILIA-SPDE MARÍLIA-LIGA-SP,SUB-13 MAS,50,10,0,10,10,10,10,,
28,LUIZ FERNANDO DE SOUZA,TÊNIS DE MESA DE VOTUPORANGA-LIGA,SUB-13 MAS,50,10,0,10,10,10,10,,
28,DAVI HIGUCHI NEPONOCENA,TM OESTE PAULISTA BASTOS - LIGA-SP,SUB-13 MAS,50,10,10,10,10,10,0,,
27,PIETRO HENRIQUE ALVES DA SILVA,TENIS DE MESA PAULISTA-OSVALDO CRUZ-SP,SUB-15 MAS,50,10,10,10,0,10,10,,
27,ASAFE DE ALMEIDA RODRIGUES,ACADEMIA NELSON MACHADO/YARA CLUBE/UNIMED/UNIMAR/SELJ-MARILIA-SPDE MARÍLIA-LIGA-SP,SUB-15 MAS,50,10,0,10,10,10,10,,
27,MIGUEL BITTENCOURT DA SILVA,PRESIDENTE VENCESLAU-SP,SUB-15 MAS,50,10,0,10,10,10,10,,
27,GABRIEL MALAVAZI MIRANDA,TÊNIS DE MESA DE VOTUPORANGA-LIGA,SUB-15 MAS,50,10,0,10,10,10,10,,
27,ANTONIO MELIOS CRUZ,ARAÇA PONG / SMELR ARAÇATUBA – SP,SUB-15 MAS,50,10,10,10,10,0,10,,
27,DANIEL BATISTA DE SOUZA FERNANDES,DRACENA TM-SP,SUB-15 MAS,50,10,10,10,10,0,10,,
27,GABRIEL WILLIAN RAGASSI DE ARAUJO,DRACENA TM-SP,SUB-15 MAS,50,10,10,10,10,0,10,,
27,FELIPE CASTELLANO SANTOS,TENIS DE MESA PAULISTA-OSVALDO CRUZ-SP,SUB-15 MAS,50,10,10,10,10,0,10,,
27,CAIO HENRIQUE MESSIAS LOUREIRO,YARA CLUBE/ACADEMIA NELSON MACHADO/UNIMED/UNIMAR/SELJ-MARÍLIA-SP,SUB-15 MAS,50,10,10,10,10,0,10,,
27,ENZO HIROSHI MARUMOTO VALENTIN,ASSOCIAÇÃO OURINHENSE DE BEM ESTAR-SP,SUB-15 MAS,50,10,10,10,10,10,0,,
27,HENRIQUE AUGUSTO BICOK DOS SANTOS,TÊNIS DE MESA DE VOTUPORANGA-LIGA,SUB-15 MAS,50,10,10,10,10,10,0,,
9,ALICE AKEMI BABICHI TANAKA,YARA CLUBE/ACADEMIA NELSON MACHADO/UNIMED/UNIMAR/SELJ-MARÍLIA-SP,SUB-17 FEM,50,0,0,25,25,0,0,,
24,MATHEUS MARTINS DE ABREU,ARAÇA PONG / SMELR ARAÇATUBA – SP,SUB-17 MAS,50,10,10,10,0,10,10,,
24,LUCAS TORTOLA RODRIGUES PIRES,PRESIDENTE VENCESLAU-SP,SUB-17 MAS,50,10,10,10,0,10,10,,
24,GUILHERME LIMA TERUEL,ARAÇA PONG / SMELR ARAÇATUBA – SP,SUB-17 MAS,50,10,10,0,10,10,10,,
24,JEAN CHAVES ROCHA,PRESIDENTE VENCESLAU-SP,SUB-17 MAS,50,10,10,10,10,10,0,,
24,PAULO ANDRE  POTAZIO DE ALMEIDA,PRESIDENTE VENCESLAU-SP,SUB-17 MAS,50,10,10,10,10,10,0,,
11,FILIPE ROSSI COSTA,ASSOC. NOVA ERA DE T.M.-SP,SUB-19 MAS,50,0,25,25,0,0,0,,
13,LUCAS ALVES BATISTA FURTADO,ASSOC.DE T.M.OESTE PAULISTA-PRES.PRUDENTE-LIGA-SP,SUB-21 MAS,50,10,10,10,10,10,0,,
13,NATHÁLIA MACHADO ORTOLANO,ACERT TUPÃ - LIGA - SP,ABSOLUTO A FEM,45,0,10,0,25,0,10,,
13,ANA CLAUDIA CRESSONI DE CONTI,NEW PONG - SÃO JOSÉ DO RIO PRETO/SP - ACADEMIA DE TÊNIS DE MESA,ABSOLUTO A FEM,45,45,0,0,0,0,0,,
21,JOSÉ HENRIQUE MARIANO,ASSOC. NOVA ERA DE T.M.-SP,ABSOLUTO A MAS,45,0,0,45,0,0,0,,
11,JAQUELINE MATARAGIA DA CRUZ,NEW PONG - SÃO JOSÉ DO RIO PRETO/SP - ACADEMIA DE TÊNIS DE MESA,MASTER 30FEM,45,0,0,0,45,0,0,,
20,WAGNER JÚNIOR DOS SANTOS DA FONSECA,ASSOCIAÇÃO OURINHENSE DE BEM ESTAR-SP,MASTER 30MAS,45,10,10,25,0,0,0,,
17,LUCIANO DE LIMA,ASSOC.DE T.M.OESTE PAULISTA-PRES.PRUDENTE-LIGA-SP,MASTER 50MAS,45,10,25,10,0,0,0,,
17,ERNESTO KEIJI TANIGUTI,ATEMEL/ACEL LONDRINA - PR,MASTER 50MAS,45,10,10,0,25,0,0,,
14,CRISTIANO AMARAL DI GIORGI,ASSOC.DE T.M.OESTE PAULISTA-PRES.PRUDENTE-LIGA-SP,MASTER 60MAS,45,0,45,0,0,0,0,,
14,HELCIO EIJI HONDA,ASSOC. NOVA ERA DE T.M.-SP,MASTER 60MAS,45,10,25,10,0,0,0,,
9,VERA LUCIA BELINI PASQUALINI,TM OESTE PAULISTA SALTO GRANDE - LIGA-SP,MASTER 70FEM,45,0,25,10,10,0,0,,
11,JOÃO PEDRO DE DE VECCHI GAMA BESSON,ASSOCIAÇÃO OURINHENSE DE BEM ESTAR-SP,SUB-09 MAS,45,0,0,0,0,0,45,,
11,ANTÔNIO QUAGLIATO PORTO,ASSOCIAÇÃO OURINHENSE DE BEM ESTAR-SP,SUB-09 MAS,45,0,0,0,45,0,0,,
11,ELLOÁ DE ARAUJO RICCI,ACADEMIA NELSON MACHADO/YARA CLUBE/UNIMED/UNIMAR/SELJ-MARILIA-SPDE MARÍLIA-LIGA-SP,SUB-11 FEM,45,25,10,10,0,0,0,,
11,ANA LAURA E ALMEIDA,YARA CLUBE/ACADEMIA NELSON MACHADO/UNIMED/UNIMAR/SELJ-MARÍLIA-SP,SUB-11 FEM,45,25,10,10,0,0,0,,
22,ENZO GUILHRME D CRUZ GONÇALVES,DRACENA TM-SP,SUB-11 MAS,45,10,0,25,0,0,10,,
22,MATHEUS FERNANDO DE SOUZA FIGUEREDO,DRACENA TM-SP,SUB-11 MAS,45,0,10,10,0,0,25,,
22,ARTHUR NISHIMOTO MYAZATO,ASSOC.JAUENSE DE T.M./PREFEITURA DE JAÚ-SP,SUB-11 MAS,45,0,0,45,0,0,0,,
34,FELIPE BOVOLENTA COMOTTI,ESPORTE CLUBE PRAIA GRANDE - SP,SUB-13 MAS,45,0,0,45,0,0,0,,
34,DAVI DA SILVA RAMOS,TM OESTE PAULISTA–PRESIDENTE EPITÁCIO -SP,SUB-13 MAS,45,0,0,0,45,0,0,,
11,LUANA DE SOUZA SANCHON,TM OESTE PAULISTA–ALVINLÂNDIA-SP,SUB-15 FEM,45,45,0,0,0,0,0,,
11,SOFIA RIBEIRO TAVARES,TM OESTE PAULISTA SALTO GRANDE - LIGA-SP,SUB-15 FEM,45,10,25,10,0,0,0,,
10,ELLEN KAMILLY DE SÁVIO DA SILVA,TM OESTE PAULISTA LUCELIA-SP-LIGA,SUB-17 FEM,45,0,0,0,0,45,0,,
29,LUCAS GABRIEL DE OLIVEIRA RODRIGUES,YARA CLUBE/ACADEMIA NELSON MACHADO/UNIMED/UNIMAR/SELJ-MARÍLIA-SP,SUB-17 MAS,45,10,10,25,0,0,0,,
7,CATARINA CARVALHO HADDAD AVEZUM,NEW PONG - SÃO JOSÉ DO RIO PRETO/SP - ACADEMIA DE TÊNIS DE MESA,SUB-19 FEM,45,0,0,0,0,45,0,,
7,SAMELA FERNANDA DE CAMARGO,ASSOCIAÇÃO OURINHENSE DE BEM ESTAR-SP,SUB-19 FEM,45,0,0,45,0,0,0,,
8,GABRIELA DE ALMEIDA,TM OESTE PAULISTA–ALVINLÂNDIA-SP,SUB-21 FEM,45,45,0,0,0,0,0,,
8,ANA CLARA CARVALHO MENDONÇA,ASSOC. NOVA ERA DE T.M.-SP,SUB-21 FEM,45,0,0,45,0,0,0,,
4,CARLOS NERI PALÁCIO,TM BIRIGUI LIGA-SP,t PARALÍMPICO,45,0,0,0,0,45,0,,
4,ESTEVAN SANCHON ESTRUBI,TM OESTE PAULISTA–ALVINLÂNDIA-SP,t PARALÍMPICO,45,45,0,0,0,0,0,,
22,MURILO FELICIANO OLIVEIRA,ACERT TUPÃ - LIGA - SP,ABSOLUTO A MAS,40,10,10,0,0,10,10,,
22,TIAGO MONTANHA BASSO,ACERT TUPÃ - LIGA - SP,ABSOLUTO A MAS,40,10,10,0,0,10,10,,
22,GUILHERME ALVES DA SILVEIRA,NEW PONG - SÃO JOSÉ DO RIO PRETO/SP - ACADEMIA DE TÊNIS DE MESA,ABSOLUTO A MAS,40,10,0,10,10,0,10,,
22,ANTONIO VINICIUS TSUYOSHI ARAKI,ACERT TUPÃ - LIGA - SP,ABSOLUTO A MAS,40,10,10,0,10,10,0,,
22,FELIPE TEIXEIRA MARREIRA,ACERT TUPÃ - LIGA - SP,ABSOLUTO A MAS,40,10,10,0,10,10,0,,
22,LUAN KOITI SATO KAKITANI,ASSOCIAÇÃO OURINHENSE DE BEM ESTAR-SP,ABSOLUTO A MAS,40,10,10,10,10,0,0,,
22,ÉTORE VINÍCIUS LAZARINI,YARA CLUBE/ACADEMIA NELSON MACHADO/UNIMED/UNIMAR/SELJ-MARÍLIA-SP,ABSOLUTO A MAS,40,10,10,10,10,0,0,,
21,GIOVANE FERREIRA DA SILVA,MIRASSOL TENIS DE MESA,MASTER 30MAS,40,10,10,10,0,0,10,,
22,WESLEY AKIO IMAMURA,NEW PONG - SÃO JOSÉ DO RIO PRETO/SP - ACADEMIA DE TÊNIS DE MESA,MASTER 40MAS,40,10,10,10,0,10,0,,
22,CARLOS HENRIQUE BERTONI REIS,YARA CLUBE/ACADEMIA NELSON MACHADO/UNIMED/UNIMAR/SELJ-MARÍLIA-SP,MASTER 40MAS,40,10,10,10,0,10,0,,
22,ALAN GOMES ANTUNES,ASSOCIAÇÃO CULTURAL E DESPORTIVA DE ASSIS - SP,MASTER 40MAS,40,10,10,10,10,0,0,,
25,IGOR MATHEUS DOMINGOS,TÊNIS DE MESA DE VOTUPORANGA-LIGA,SUB-11 MAS,40,10,0,10,0,10,10,,
25,DAVI KENZO SHITAKU SAKAI,YARA CLUBE/ACADEMIA NELSON MACHADO/UNIMED/UNIMAR/SELJ-MARÍLIA-SP,SUB-11 MAS,40,10,10,10,10,0,0,,
16,MARIA LÍVIA PUPIM VISINTIM,ACERT TUPÃ - LIGA - SP,SUB-13 FEM,40,10,10,10,0,0,10,,
36,FELIPE SOARES CARENO,NEW PONG - SÃO JOSÉ DO RIO PRETO/SP - ACADEMIA DE TÊNIS DE MESA,SUB-13 MAS,40,0,10,10,0,10,10,,
36,GUSTAVO YURI MIZOBUCHI TARIFA,TM ÁLVARES MACHADO-LIGA-SP,SUB-13 MAS,40,0,10,0,10,10,10,,
36,LUIZ MIGUEL MENDES DA SILVA,TENIS DE MESA PAULISTA-OSVALDO CRUZ-SP,SUB-13 MAS,40,10,10,10,0,10,0,,
36,MATEUS NERI REIS,ACADEMIA NELSON MACHADO/YARA CLUBE/UNIMED/UNIMAR/SELJ-MARILIA-SPDE MARÍLIA-LIGA-SP,SUB-13 MAS,40,10,10,10,10,0,0,,
36,VITOR NAKAZAWA AGUSTIN,ACADEMIA NELSON MACHADO/YARA CLUBE/UNIMED/UNIMAR/SELJ-MARILIA-SPDE MARÍLIA-LIGA-SP,SUB-13 MAS,40,10,10,10,10,0,0,,
36,JOÃO MIGUEL DO NASCIMENTO SANCHEZ,TM OESTE PAULISTA SALTO GRANDE - LIGA-SP,SUB-13 MAS,40,10,10,10,10,0,0,,
36,JOÃO VICTOR SOUZA DOS SANTOS,TM OESTE PAULISTA SALTO GRANDE - LIGA-SP,SUB-13 MAS,40,10,10,10,10,0,0,,
36,JORGE LUCIANO ROCHA,TM OESTE PAULISTA SALTO GRANDE - LIGA-SP,SUB-13 MAS,40,10,10,10,10,0,0,,
36,NICOLAS GONÇALVES XAVIER,TM OESTE PAULISTA SALTO GRANDE - LIGA-SP,SUB-13 MAS,40,10,10,10,10,0,0,,
36,PEDRO ANTONANGELO DAMETO,TM OESTE PAULISTA SALTO GRANDE - LIGA-SP,SUB-13 MAS,40,10,10,10,10,0,0,,
38,PIETRO ALEXANDRE CONSOLIN DOS REIS,ASSOCIAÇÃO CULTURAL E DESPORTIVA DE ASSIS - SP,SUB-15 MAS,40,0,10,10,0,10,10,,
38,PAULO CHRISPIN DA SILVA,ASSOC.DE T.M.OESTE PAULISTA-PRES.PRUDENTE-LIGA-SP,SUB-15 MAS,40,0,0,10,10,10,10,,
38,MIGUEL GALHARDO BERTAGLIA,TM BIRIGUI LIGA-SP,SUB-15 MAS,40,10,0,10,10,0,10,,
38,LUÍS OTÁVIO GARCIA DE OLIVEIRA,ACERT TUPÃ - LIGA - SP,SUB-15 MAS,40,10,0,10,10,10,0,,
38,LUCAS NERI REIS,ACADEMIA NELSON MACHADO/YARA CLUBE/UNIMED/UNIMAR/SELJ-MARILIA-SPDE MARÍLIA-LIGA-SP,SUB-15 MAS,40,10,10,10,10,0,0,,
38,CAUÃ VIEIRA DE LACERDA,TM OESTE PAULISTA SALTO GRANDE - LIGA-SP,SUB-15 MAS,40,10,10,10,10,0,0,,
30,PEDRO ISSAMU NAKAMURA DA COSTA,ACERT TUPÃ - LIGA - SP,SUB-17 MAS,40,10,10,0,0,10,10,,
30,HEITOR TOLENTINO DA SILVA,TENIS DE MESA PAULISTA-OSVALDO CRUZ-SP,SUB-17 MAS,40,10,10,10,0,0,10,,
30,VITOR EDUARDO NUNES DE OLIVEIRA,NEW PONG - SÃO JOSÉ DO RIO PRETO/SP - ACADEMIA DE TÊNIS DE MESA,SUB-17 MAS,40,10,10,10,10,0,0,,
15,PAULA TAMARA IKEDA ZAITH,ACERT TUPÃ - LIGA - SP,ABSOLUTO A FEM,35,25,0,0,0,0,10,,
29,FERNANDO DOS SANTOS  SILVA,TM BIRIGUI LIGA-SP,ABSOLUTO A MAS,35,0,0,0,0,25,10,,
9,MARLENE AMORIM DE SOUZA,ACERT TUPÃ - LIGA - SP,MASTER 50FEM,35,10,0,25,0,0,0,,
10,MARIA ELENA DA SILVA,ASSOCIAÇÃO OURINHENSE DE BEM ESTAR-SP,MASTER 70FEM,35,0,0,25,10,0,0,,
12,PAULO ROBERTO DE OLIVEIRA VILELA,ARAÇA PONG / SMELR ARAÇATUBA – SP,MASTER 70MAS,35,0,0,0,0,10,25,,
12,WALTER MASSARU NAGATA,TM BIRIGUI LIGA-SP,MASTER 70MAS,35,0,0,0,0,10,25,,
27,KAIO AUGUSTO FERREIRA DE ARAÚJO,ACADEMIA NELSON MACHADO/YARA CLUBE/UNIMED/UNIMAR/SELJ-MARILIA-SPDE MARÍLIA-LIGA-SP,SUB-11 MAS,35,25,10,0,0,0,0,,
17,KAUANI SOUZA BELLOTO,TM OESTE PAULISTA LUCELIA-SP-LIGA,SUB-13 FEM,35,0,0,0,0,25,10,,
17,LAURA ANDREGUETTE DE OLIVEIRA SANTOS,TM OESTE PAULISTA BASTOS - LIGA-SP,SUB-13 FEM,35,10,25,0,0,0,0,,
13,JÚLIA BELLOTO SIQUEIRA,TM OESTE PAULISTA LUCELIA-SP-LIGA,SUB-15 FEM,35,0,0,0,0,25,10,,
30,JEOVANY MATHEUS DOS SANTOS,NEW PONG - SÃO JOSÉ DO RIO PRETO/SP - ACADEMIA DE TÊNIS DE MESA,ABSOLUTO A MAS,30,0,0,10,0,10,10,,
30,LUIZ DA SILVA RIBEIRO JUNIOR,ASSOC.DE T.M.OESTE PAULISTA-PRES.PRUDENTE-LIGA-SP,ABSOLUTO A MAS,30,0,0,10,10,0,10,,
30,JOÃO VICTOR TOLARDO FERREIRA,DRACENA TM-SP,ABSOLUTO A MAS,30,0,10,10,0,10,0,,
30,ERIC RYUTA NAKAO,ASSOCIAÇÃO CULTURAL E DESPORTIVA DE ASSIS - SP,ABSOLUTO A MAS,30,10,10,10,0,0,0,,
30,ANDERSON FIGUEIREDO SANTOS,ASSOCIAÇÃO OURINHENSE DE BEM ESTAR-SP,ABSOLUTO A MAS,30,10,10,10,0,0,0,,
30,LORENZO BELINI DE ALMEIDA,TM OESTE PAULISTA SALTO GRANDE - LIGA-SP,ABSOLUTO A MAS,30,10,10,10,0,0,0,,
30,LEONARDO RYOICHI YAKUSHIJIN TANIGUTI,ATEMEL/ACEL LONDRINA - PR,ABSOLUTO A MAS,30,10,10,0,10,0,0,,
22,LEONARDO SANTANA SERDAN,NEW PONG - SÃO JOSÉ DO RIO PRETO/SP - ACADEMIA DE TÊNIS DE MESA,MASTER 30MAS,30,10,10,0,0,0,10,,
22,ANDRÉ CAMARGO LOURENÇO,ASSOC. NOVA ERA DE T.M.-SP,MASTER 30MAS,30,10,10,10,0,0,0,,
22,JOÃO PAULO GUAZELLI SOUTO DE OLIVEIRA,ASSOCIAÇÃO CULTURAL E DESPORTIVA DE ASSIS - SP,MASTER 30MAS,30,10,10,10,0,0,0,,
22,JONATHAN BRAGA,ASSOCIAÇÃO CULTURAL E DESPORTIVA DE ASSIS - SP,MASTER 30MAS,30,10,10,10,0,0,0,,
22,ALEXANDRE DOS SANTOS CREMON,DRACENA TM-SP,MASTER 30MAS,30,10,10,10,0,0,0,,
22,ADRIANO EIRA DOS SANTOS SACRAS,YARA CLUBE/ACADEMIA NELSON MACHADO/UNIMED/UNIMAR/SELJ-MARÍLIA-SP,MASTER 30MAS,30,10,0,10,10,0,0,,
25,BRUNO MENDES DOS SANTOS,TÊNIS DE MESA DE VOTUPORANGA-LIGA,MASTER 40MAS,30,0,0,0,10,10,10,,
25,LUIS HENRIQUE MEDEIROS REBELLO,ASSOCIAÇÃO CULTURAL E DESPORTIVA DE ASSIS - SP,MASTER 40MAS,30,10,0,10,0,10,0,,
25,ENRICO LEONARDO ORLANDO,ASSOCIAÇÃO CULTURAL E DESPORTIVA DE ASSIS - SP,MASTER 40MAS,30,10,10,10,0,0,0,,
25,LEONARDO LEITE PASQUIM,ASSOCIAÇÃO CULTURAL E DESPORTIVA DE ASSIS - SP,MASTER 40MAS,30,10,10,10,0,0,0,,
19,ROMEU SANTOS MARTINS,CLUBE LENÇOENSE DE TÊNIS DE MESA-LIGA-SP,MASTER 50MAS,30,10,10,0,0,10,0,,
19,ALEXANDRE HIDEKI MINAMOTO,ASSOC. NOVA ERA DE T.M.-SP,MASTER 50MAS,30,10,0,10,10,0,0,,
28,ENZO DAVID SANTANA DOS SANTOS,ACADEMIA NELSON MACHADO/YARA CLUBE/UNIMED/UNIMAR/SELJ-MARILIA-SPDE MARÍLIA-LIGA-SP,SUB-11 MAS,30,10,0,0,0,10,10,,
28,RAFAEL JARDIM VEDOVATTO,ARAÇA PONG / SMELR ARAÇATUBA – SP,SUB-11 MAS,30,0,0,10,0,10,10,,
28,OTÁVIO GRANDINI FIGUEIREDO MARTINS,ASSOCIAÇÃO OURINHENSE DE BEM ESTAR-SP,SUB-11 MAS,30,10,10,0,10,0,0,,
28,PEDRO CAMARGO SILVA THEMUDO,ASSOCIAÇÃO OURINHENSE DE BEM ESTAR-SP,SUB-11 MAS,30,10,10,0,10,0,0,,
28,RAFAEL CAMARGO SILVA THEMUDO,ASSOCIAÇÃO OURINHENSE DE BEM ESTAR-SP,SUB-11 MAS,30,10,10,0,10,0,0,,
46,ARTHUR LUIS ZANONI MARTINS PEREIRA,ASSOCIAÇÃO CULTURAL E DESPORTIVA DE ASSIS - SP,SUB-13 MAS,30,0,0,10,0,10,10,,
46,MATHEUS FONSECA DE ABREU,ARAÇA PONG / SMELR ARAÇATUBA – SP,SUB-13 MAS,30,0,0,10,0,10,10,,
46,NOAH NABEYA NISHIMURA,ACERT TUPÃ - LIGA - SP,SUB-13 MAS,30,10,10,0,10,0,0,,
46,JOÃO MIGUEL SOUZA CORTEZ ROMERA,TM OESTE PAULISTA SALTO GRANDE - LIGA-SP,SUB-13 MAS,30,10,10,0,10,0,0,,
46,RAFAEL HENRIQUE AQUINO DE OLIVEIRA,TM OESTE PAULISTA SALTO GRANDE - LIGA-SP,SUB-13 MAS,30,0,10,10,10,0,0,,
46,LUCAS FELIPE DE OLIVEIRA FERREIRA DOS SANTOS,ACADEMIA NELSON MACHADO/YARA CLUBE/UNIMED/UNIMAR/SELJ-MARILIA-SPDE MARÍLIA-LIGA-SP,SUB-13 MAS,30,10,0,10,10,0,0,,
44,PIETRO BALDOINO MACHADO,TÊNIS DE MESA DE VOTUPORANGA-LIGA,SUB-15 MAS,30,0,0,10,0,10,10,,
44,RAFAEL PEREIRA DO CARMO,TM BIRIGUI LIGA-SP,SUB-15 MAS,30,0,0,10,0,10,10,,
44,PEDRO HENRIQUE RAMOS DE LIMA,ASSOCIAÇÃO OURINHENSE DE BEM ESTAR-SP,SUB-15 MAS,30,0,0,0,10,10,10,,
44,NICOLAS NABEYA NISHIMURA,ACERT TUPÃ - LIGA - SP,SUB-15 MAS,30,10,10,0,10,0,0,,
44,CARLOS HENRIQUE STRING CORTEZ,ASSOCIAÇÃO CULTURAL E DESPORTIVA DE ASSIS - SP,SUB-15 MAS,30,10,10,0,10,0,0,,
44,MATHEUS DA SILVA MOTTA,ASSOCIAÇÃO CULTURAL E DESPORTIVA DE ASSIS - SP,SUB-15 MAS,30,10,10,0,10,0,0,,
44,VICTOR MASSAYUKI ITO,ATEMEL/ACEL LONDRINA - PR,SUB-15 MAS,30,10,10,0,10,0,0,,
44,VINICIUS BERTASSI PANES,YARA CLUBE/ACADEMIA NELSON MACHADO/UNIMED/UNIMAR/SELJ-MARÍLIA-SP,SUB-15 MAS,30,10,0,10,10,0,0,,
33,BENTO DE MORAIS NAVARRO,ASSOC. NOVA ERA DE T.M.-SP,SUB-17 MAS,30,0,10,10,0,10,0,,
33,BENJAMIN MARTINEZ TSEN,ACERT TUPÃ - LIGA - SP,SUB-17 MAS,30,10,10,10,0,0,0,,
33,JOÃO PEDRO ALMAGRO DOS SANTOS PEREIRA,ASSOC. NOVA ERA DE T.M.-SP,SUB-17 MAS,30,10,10,10,0,0,0,,
33,MATEUS GUERRERO ALPRESI FREIRE,ASSOC. NOVA ERA DE T.M.-SP,SUB-17 MAS,30,10,10,10,0,0,0,,
33,CARLOS HENRIQUE MICADEI JUNIOR,CLUBE LENÇOENSE DE TÊNIS DE MESA-LIGA-SP,SUB-17 MAS,30,10,10,10,0,0,0,,
33,ENDRIC MENON RIBEIRO,ASSOCIAÇÃO OURINHENSE DE BEM ESTAR-SP,SUB-17 MAS,30,0,10,10,10,0,0,,
12,LUCAS HENRIQUE NASCIMENTO NAZO,TENIS DE MESA PAULISTA-OSVALDO CRUZ-SP,SUB-19 MAS,30,10,10,10,0,0,0,,
12,BEATRIZ ROSA PINHEIRO DOS SANTOS,ASSOCIAÇÃO OURINHENSE DE BEM ESTAR-SP,MASTER 30FEM,25,0,25,0,0,0,0,,
21,RICARDO JOSÉ DE BARROS,DOBRADA TM-LIGA-SP,MASTER 50MAS,25,0,0,25,0,0,0,,
10,ELZA EIKO KUMAZAWA,TM BIRIGUI LIGA-SP,MASTER 60FEM,25,0,0,0,0,0,25,,
14,JOBAYR ANTÔNIO AMARAL,ASSOC. NOVA ERA DE T.M.-SP,MASTER 70MAS,25,0,0,25,0,0,0,,
9,ELZA MARIA LAHOS,TM BIRIGUI LIGA-SP,SUB-09 FEM,25,0,0,0,0,0,25,,
9,LAUREN BATISTA BATISTELA,ASSOC.DE T.M.OESTE PAULISTA-PRES.PRUDENTE-LIGA-SP,SUB-09 FEM,25,0,25,0,0,0,0,,
9,EMANUELLA GIROLDO ROSSIGNOLLI PEREIRA,ASSOCIAÇÃO OURINHENSE DE BEM ESTAR-SP,SUB-09 FEM,25,0,0,0,25,0,0,,
13,GAEL PALACIO PRESCINOTTI,TM BIRIGUI LIGA-SP,SUB-09 MAS,25,0,0,0,0,0,25,,
13,LIAM NISHIMURA,ACERT TUPÃ - LIGA - SP,SUB-09 MAS,25,25,0,0,0,0,0,,
13,MIGUEL DO COUTO CAMARGO,ASSOC.DE T.M.OESTE PAULISTA-PRES.PRUDENTE-LIGA-SP,SUB-09 MAS,25,0,0,25,0,0,0,,
14,ESTEFANY VITÓRIA ULTRUMARI TAVARES,TM OESTE PAULISTA–ALVINLÂNDIA-SP,SUB-15 FEM,25,25,0,0,0,0,0,,
52,DIOGO RABADAN,ASSOC. NOVA ERA DE T.M.-SP,SUB-15 MAS,25,0,25,0,0,0,0,,
52,RUAN AGOSTINHO CURTO,TM BIRIGUI LIGA-SP,SUB-15 MAS,25,0,0,0,25,0,0,,
11,MARIA VITORIA DE MORAES SANTOS,DRACENA TM-SP,SUB-17 FEM,25,0,0,0,0,0,25,,
11,POLIANA CAXAMAN,TENIS DE MESA PAULISTA-OSVALDO CRUZ-SP,SUB-17 FEM,25,25,0,0,0,0,0,,
11,ISABELA LOPES CORREIA PEREIRA,TM OESTE PAULISTA–ALVINLÂNDIA-SP,SUB-17 FEM,25,25,0,0,0,0,0,,
11,SAMELA FERNANDA DE CAMARGO,ASSOCIAÇÃO OURINHENSE DE BEM ESTAR-SP,SUB-17 FEM,25,0,0,0,25,0,0,,
39,DIOGO RABADAN,ASSOC. NOVA ERA DE T.M.-SP,SUB-17 MAS,25,25,0,0,0,0,0,,
39,JOÃO PEDRO RAMOS NASCIMENTO,JAU PONG TÊNIS DE MESA LTDA-SP,SUB-17 MAS,25,0,0,25,0,0,0,,
39,PEDRO HENRIQUE TAVARES BARBOSA,JAU PONG TÊNIS DE MESA LTDA-SP,SUB-17 MAS,25,0,0,25,0,0,0,,
39,PEDRO HENRIQUE DOS SANTOS DE SANTANA,TM OESTE PAULISTA–PRESIDENTE EPITÁCIO -SP,SUB-17 MAS,25,0,0,0,25,0,0,,
9,STHEFANY MAIORAL DA SILVA,NEW PONG - SÃO JOSÉ DO RIO PRETO/SP - ACADEMIA DE TÊNIS DE MESA,SUB-19 FEM,25,0,0,0,0,25,0,,
13,JOÃO RICARDO DOS REIS FERRACINI,NEW PONG - SÃO JOSÉ DO RIO PRETO/SP - ACADEMIA DE TÊNIS DE MESA,SUB-19 MAS,25,25,0,0,0,0,0,,
13,JOÃO VICTOR DA SILVA RAMOS,TM OESTE PAULISTA–PRESIDENTE EPITÁCIO -SP,SUB-19 MAS,25,0,0,0,25,0,0,,
16,NATHÁLIA CORDEIRO DE ROSSI,ASSOCIAÇÃO CULTURAL E DESPORTIVA DE ASSIS - SP,ABSOLUTO A FEM,20,10,10,0,0,0,0,,
37,BRENNO DE SOUZA AULETTA,TM BIRIGUI LIGA-SP,ABSOLUTO A MAS,20,0,0,0,0,10,10,,
37,RODRIGO TEIXEIRA DE JESUS,ASSOC.DE T.M.OESTE PAULISTA-PRES.PRUDENTE-LIGA-SP,ABSOLUTO A MAS,20,0,0,0,0,10,10,,
37,FELIPE BONDI GRAVATIM,ACERT TUPÃ - LIGA - SP,ABSOLUTO A MAS,20,10,0,0,0,10,0,,
37,KEVYN LEANDRINI,ACADEMIA DUNAMIS DE TÊNIS DE MESA-SP,ABSOLUTO A MAS,20,10,10,0,0,0,0,,
37,GUILHERME MANFIO,ASSOCIAÇÃO CULTURAL E DESPORTIVA DE ASSIS - SP,ABSOLUTO A MAS,20,10,10,0,0,0,0,,
37,LEONARDO PEREIRA TAMELINI,ASSOCIAÇÃO CULTURAL E DESPORTIVA DE ASSIS - SP,ABSOLUTO A MAS,20,0,10,0,10,0,0,,
28,LUCAS ALVES GONÇALVES,TM ÁLVARES MACHADO-LIGA-SP,MASTER 30MAS,20,0,10,0,0,10,0,,
28,CAIO ANDRE MARQUES,ASSOCIAÇÃO CULTURAL E DESPORTIVA DE ASSIS - SP,MASTER 30MAS,20,10,10,0,0,0,0,,
28,ANDERSON FILIPE CHAVES,ASSOCIAÇÃO OURINHENSE DE BEM ESTAR-SP,MASTER 30MAS,20,10,10,0,0,0,0,,
28,ANANIAS MARCONDES,ASSOC. NOVA ERA DE T.M.-SP,MASTER 30MAS,20,10,0,10,0,0,0,,
28,LEANDRO RICHARD DO CARMO,ASSOC. NOVA ERA DE T.M.-SP,MASTER 30MAS,20,10,0,10,0,0,0,,
28,GABRIEL LIN WANG,YARA CLUBE/ACADEMIA NELSON MACHADO/UNIMED/UNIMAR/SELJ-MARÍLIA-SP,MASTER 30MAS,20,0,10,10,0,0,0,,
29,ADEMAR CARLOS PORTILHO,YARA CLUBE/ACADEMIA NELSON MACHADO/UNIMED/UNIMAR/SELJ-MARÍLIA-SP,MASTER 40MAS,20,0,0,0,0,10,10,,
29,MARCIO ROBERTO D ELIA,MIRASSOL TENIS DE MESA,MASTER 40MAS,20,0,0,0,0,10,10,,
29,RODRIGO TSUZUKI,TM OESTE PAULISTA - FERNANDOPOLIS - LIGA-SP,MASTER 40MAS,20,0,0,0,0,10,10,,
29,LUIZ HENRIQUE GARRIDO DE MELO,ASSOCIAÇÃO CULTURAL E DESPORTIVA DE ASSIS - SP,MASTER 40MAS,20,10,10,0,0,0,0,,
29,SÉRGIO ALVES DE LIMA,ATEMEL/ACEL LONDRINA - PR,MASTER 40MAS,20,10,10,0,0,0,0,,
29,RAFAEL MOLERO GALDINO,ASSOCIAÇÃO CULTURAL E DESPORTIVA DE ASSIS - SP,MASTER 40MAS,20,10,0,10,0,0,0,,
29,ALESSANDRO LUIZ DE FREITAS,CLUBE LENÇOENSE DE TÊNIS DE MESA-LIGA-SP,MASTER 40MAS,20,0,10,0,10,0,0,,
22,EDUARDO  MAKOTO ONAKA,NEW PONG - SÃO JOSÉ DO RIO PRETO/SP - ACADEMIA DE TÊNIS DE MESA,MASTER 50MAS,20,0,0,0,0,10,10,,
22,LEANDRO MARQUES,ASSOCIAÇÃO OURINHENSE DE BEM ESTAR-SP,MASTER 50MAS,20,0,0,0,0,10,10,,
22,ELIAS SOARES LACERDA,CLUBE LENÇOENSE DE TÊNIS DE MESA-LIGA-SP,MASTER 50MAS,20,0,10,0,0,10,0,,
22,CARLOS ALBERTO FRANZINI MEIRELLES,DRACENA TM-SP,MASTER 50MAS,20,10,10,0,0,0,0,,
16,ANTONIO ROBERTO RUFFINO,ASSOC.DE T.M.OESTE PAULISTA-PRES.PRUDENTE-LIGA-SP,MASTER 60MAS,20,0,0,0,10,10,0,,
16,AURELIO ISSAMU OGAWA,ASSOCIAÇÃO CULTURAL E DESPORTIVA DE ASSIS - SP,MASTER 60MAS,20,10,10,0,0,0,0,,
33,JOÃO LUCAS MORAES AGUILAR,ACADEMIA NELSON MACHADO/YARA CLUBE/UNIMED/UNIMAR/SELJ-MARILIA-SPDE MARÍLIA-LIGA-SP,SUB-11 MAS,20,0,10,0,0,0,10,,
33,JOÃO GABRIEL CARDOSO FURUKAWA,PRESIDENTE VENCESLAU-SP,SUB-11 MAS,20,10,0,0,0,10,0,,
33,ARTHUR MARTINS PENHA,DRACENA TM-SP,SUB-11 MAS,20,10,10,0,0,0,0,,
33,DAVI MOREIRA ATAIDES DA SILVA,ASSOC.DE T.M.OESTE PAULISTA-PRES.PRUDENTE-LIGA-SP,SUB-11 MAS,20,10,0,0,10,0,0,,
33,JOÃO LUCAS NASCIMENTO BAZILIO,TM OESTE PAULISTA SALTO GRANDE - LIGA-SP,SUB-11 MAS,20,0,0,10,10,0,0,,
19,LUISA MONSALE ALMEIDA,DRACENA TM-SP,SUB-13 FEM,20,0,0,0,0,10,10,,
52,PEDRO GABRIEL DE CARVALHO,CLUBE LENÇOENSE DE TÊNIS DE MESA-LIGA-SP,SUB-13 MAS,20,0,0,0,0,10,10,,
52,ARTHUR GONÇALVES PERUCI,ARAÇA PONG / SMELR ARAÇATUBA – SP,SUB-13 MAS,20,0,0,0,0,10,10,,
52,JOÃO PEDRO DA SILVA CUNHA,TÊNIS DE MESA DE VOTUPORANGA-LIGA,SUB-13 MAS,20,0,0,0,0,10,10,,
52,MIGUEL SILVÉRIO,TM BIRIGUI LIGA-SP,SUB-13 MAS,20,0,0,0,0,10,10,,
52,TÉO PINATO PARDINHO,ACADEMIA NELSON MACHADO/YARA CLUBE/UNIMED/UNIMAR/SELJ-MARILIA-SPDE MARÍLIA-LIGA-SP,SUB-13 MAS,20,0,0,0,0,10,10,,
52,FELIPE PARPINELLI MORENO SANCHES VESSONI,ACERT TUPÃ - LIGA - SP,SUB-13 MAS,20,0,0,10,0,0,10,,
52,LUCAS RODRIGUES DE JESUS,ACADEMIA NELSON MACHADO/YARA CLUBE/UNIMED/UNIMAR/SELJ-MARILIA-SPDE MARÍLIA-LIGA-SP,SUB-13 MAS,20,0,10,0,0,10,0,,
52,DAVI PERERIRA FIALHO,TM BIRIGUI LIGA-SP,SUB-13 MAS,20,10,10,0,0,0,0,,
52,JOÃO VITOR RODRIGUES DA SILVA,TM OESTE PAULISTA SALTO GRANDE - LIGA-SP,SUB-13 MAS,20,10,10,0,0,0,0,,
52,GUILHERME AUGUSTO DE OLIVEIRA DA SILVA,PRESIDENTE VENCESLAU-SP,SUB-13 MAS,20,10,0,0,10,0,0,,
52,GUILHERME HENRIQUE VEIGA DE OLIVEIRA,DRACENA TM-SP,SUB-13 MAS,20,0,0,10,10,0,0,,
52,RAFAEL OKAMURA GUSMAN,ACERT TUPÃ - LIGA - SP,SUB-13 MAS,20,0,0,10,10,0,0,,
54,ARTHUR DE MELO FIGUEIRA,TM BIRIGUI LIGA-SP,SUB-15 MAS,20,0,0,0,0,10,10,,
54,ARTHUR ALBERTIN DE SOUZA,YARA CLUBE/ACADEMIA NELSON MACHADO/UNIMED/UNIMAR/SELJ-MARÍLIA-SP,SUB-15 MAS,20,0,0,0,0,10,10,,
54,JOSÉ EDUARDO ORTEGA VALÉRIO,TM OESTE PAULISTA LUCELIA-SP-LIGA,SUB-15 MAS,20,0,0,0,0,10,10,,
54,NICOLAS BRAYAN RODRIGUES DOS SANTOS,ASSOC.DE T.M.OESTE PAULISTA-PRES.PRUDENTE-LIGA-SP,SUB-15 MAS,20,0,0,0,0,10,10,,
54,PAULO HENRIQUE FERREIRA PEREIRA,TM OESTE PAULISTA LUCELIA-SP-LIGA,SUB-15 MAS,20,0,0,0,0,10,10,,
54,PEDRO HENRIQUE BASTOS DE MELO,TM OESTE PAULISTA LUCELIA-SP-LIGA,SUB-15 MAS,20,0,0,0,0,10,10,,
54,ARTHUR LOPES FAVARIN DA SILVA,TM OESTE PAULISTA LUCELIA-SP-LIGA,SUB-15 MAS,20,0,0,0,0,10,10,,
54,BRUNO KAUE SOUZA BELLOTO,TM OESTE PAULISTA LUCELIA-SP-LIGA,SUB-15 MAS,20,0,0,0,0,10,10,,
54,FELIPE RODRIGUES LOPES DA SILVA,TM OESTE PAULISTA LUCELIA-SP-LIGA,SUB-15 MAS,20,0,0,0,0,10,10,,
54,JOÃO PEDRO SACCHI BELLINE,TM OESTE PAULISTA - FERNANDOPOLIS - LIGA-SP,SUB-15 MAS,20,0,0,0,0,10,10,,
54,KAUÃ GABRIEL PEIXOTO BIBIANO,PRESIDENTE VENCESLAU-SP,SUB-15 MAS,20,0,0,0,0,10,10,,
54,ADAM MATARAGIA DE CARVALHO,NEW PONG - SÃO JOSÉ DO RIO PRETO/SP - ACADEMIA DE TÊNIS DE MESA,SUB-15 MAS,20,0,0,0,10,0,10,,
54,JONAS GABRIEL DA PAZ SILVA,ASSOCIAÇÃO OURINHENSE DE BEM ESTAR-SP,SUB-15 MAS,20,0,0,0,10,0,10,,
54,LUIZ OTAVIO STABILE DE OLIVEIRA,NEW PONG - SÃO JOSÉ DO RIO PRETO/SP - ACADEMIA DE TÊNIS DE MESA,SUB-15 MAS,20,0,0,0,10,10,0,,
54,GABRIEL CARZANIGA,ACADEMIA NELSON MACHADO/YARA CLUBE/UNIMED/UNIMAR/SELJ-MARILIA-SPDE MARÍLIA-LIGA-SP,SUB-15 MAS,20,10,10,0,0,0,0,,
54,GUILHERME CARZANIGA,ACADEMIA NELSON MACHADO/YARA CLUBE/UNIMED/UNIMAR/SELJ-MARILIA-SPDE MARÍLIA-LIGA-SP,SUB-15 MAS,20,10,10,0,0,0,0,,
54,LUCCA HIROKI BELINELLI DE LIMA,ATEMEL/ACEL LONDRINA - PR,SUB-15 MAS,20,10,10,0,0,0,0,,
54,EDUARDO DA SILVA LIMA,ACADEMIA NELSON MACHADO/YARA CLUBE/UNIMED/UNIMAR/SELJ-MARILIA-SPDE MARÍLIA-LIGA-SP,SUB-15 MAS,20,10,0,10,0,0,0,,
54,LEONARDO OLIVEIRA DE PAULI,ACADEMIA NELSON MACHADO/YARA CLUBE/UNIMED/UNIMAR/SELJ-MARILIA-SPDE MARÍLIA-LIGA-SP,SUB-15 MAS,20,10,0,10,0,0,0,,
54,LEONARDO PIERONI RAMIREZ,ASSOC. NOVA ERA DE T.M.-SP,SUB-15 MAS,20,10,0,10,0,0,0,,
54,DANIEL CAMPOS FRESNEDA,ASSOC. NOVA ERA DE T.M.-SP,SUB-15 MAS,20,0,10,10,0,0,0,,
54,RAFAEL CORREIA GUITIERRES,YARA CLUBE/ACADEMIA NELSON MACHADO/UNIMED/UNIMAR/SELJ-MARÍLIA-SP,SUB-15 MAS,20,10,0,10,0,0,0,,
54,HENZO GABRIEL MORAIS MONTEIRO,ASSOC.DE T.M.OESTE PAULISTA-PRES.PRUDENTE-LIGA-SP,SUB-15 MAS,20,0,10,0,10,0,0,,
54,GABRIEL PIEMONTE MACEDO,TM OESTE PAULISTA SALTO GRANDE - LIGA-SP,SUB-15 MAS,20,10,0,0,10,0,0,,
54,VICTOR SIMÕES LANDE,TM OESTE PAULISTA SALTO GRANDE - LIGA-SP,SUB-15 MAS,20,10,0,0,10,0,0,,
54,HENRIQUE BATISTA DE MOURA,JAU PONG TÊNIS DE MESA LTDA-SP,SUB-15 MAS,20,0,0,10,10,0,0,,
43,LYNCON PASCOAL DOS SANTOS,TM BIRIGUI LIGA-SP,SUB-17 MAS,20,0,0,0,0,10,10,,
43,LUIZ OTÁVIO FREITAS ALVES,TM OESTE PAULISTA - FERNANDOPOLIS - LIGA-SP,SUB-17 MAS,20,0,0,0,0,10,10,,
43,GUSTAVO GENARO ALVES BIFARONI,TÊNIS DE MESA DE VOTUPORANGA-LIGA,SUB-17 MAS,20,0,0,0,0,10,10,,
43,ANDREY KAUÊ NUNES BEZERRA,TM OESTE PAULISTA LUCELIA-SP-LIGA,SUB-17 MAS,20,0,0,0,0,10,10,,
43,LEVY FRANCISCO DELBON DA COSTA,NEW PONG - SÃO JOSÉ DO RIO PRETO/SP - ACADEMIA DE TÊNIS DE MESA,SUB-17 MAS,20,0,0,0,10,10,0,,
43,ELLIVELTON MIRANDA DO NASCIMENTO JÚNIOR,ASSOC. NOVA ERA DE T.M.-SP,SUB-17 MAS,20,10,10,0,0,0,0,,
43,MURILO MEDEIROS GALBES MALLET,ATEMEL/ACEL LONDRINA - PR,SUB-17 MAS,20,10,10,0,0,0,0,,
43,VINICIUS DE OLIVEIRA SILVA,TENIS DE MESA PAULISTA-OSVALDO CRUZ-SP,SUB-17 MAS,20,10,10,0,0,0,0,,
43,GIOVANNI FERNANDES,ACADEMIA NELSON MACHADO/YARA CLUBE/UNIMED/UNIMAR/SELJ-MARILIA-SPDE MARÍLIA-LIGA-SP,SUB-17 MAS,20,10,0,10,0,0,0,,
43,LUCAS MATHEUS DA SILVA RIBEIRO,DRACENA TM-SP,SUB-17 MAS,20,10,0,10,0,0,0,,
43,VITOR LIGEIRO,YARA CLUBE/ACADEMIA NELSON MACHADO/UNIMED/UNIMAR/SELJ-MARÍLIA-SP,SUB-17 MAS,20,10,0,10,0,0,0,,
15,MATEUS GABRIEL ARRIERO XAVIER,ARAÇA PONG / SMELR ARAÇATUBA – SP,SUB-19 MAS,20,10,10,0,0,0,0,,
15,RICHARD VINICIUS GUERRA SANTIAGO,ACERT TUPÃ - LIGA - SP,SUB-19 MAS,20,0,10,10,0,0,0,,
14,KAIQUE KOIZIMI MATHEUS,ACERT TUPÃ - LIGA - SP,SUB-21 MAS,20,10,10,0,0,0,0,,
14,FELIPE MEDEIROS DE OLIVEIRA,PRESIDENTE VENCESLAU-SP,SUB-21 MAS,20,10,10,0,0,0,0,,
14,VINICIUS ARAUJO VENTURA,ASSOCIAÇÃO CULTURAL E DESPORTIVA DE ASSIS - SP,SUB-21 MAS,20,0,10,0,10,0,0,,
17,CAROLINA COLLA FERRO,ACERT TUPÃ - LIGA - SP,ABSOLUTO A FEM,10,10,0,0,0,0,0,,
17,BRUNA CONDOLUCCI DA SILVA,ASSOCIAÇÃO CULTURAL E DESPORTIVA DE ASSIS - SP,ABSOLUTO A FEM,10,0,10,0,0,0,0,,
17,ISABELLE CAROLINE DE SOUZA,PRESIDENTE VENCESLAU-SP,ABSOLUTO A FEM,10,0,10,0,0,0,0,,
43,MATHEUS THIERRY MATSUMOTO,ASSOC.DE T.M.OESTE PAULISTA-PRES.PRUDENTE-LIGA-SP,ABSOLUTO A MAS,10,0,0,0,0,0,10,,
43,RAFAEL RYUHEI AZUMA NAKATANI,TM OESTE PAULISTA - FERNANDOPOLIS - LIGA-SP,ABSOLUTO A MAS,10,0,0,0,0,0,10,,
43,FELIPE DE OLIVEIRA GODOY,JAU PONG TÊNIS DE MESA LTDA-SP,ABSOLUTO A MAS,10,0,0,0,0,10,0,,
43,JHONNY BRAYAN DIAS,NEW PONG - SÃO JOSÉ DO RIO PRETO/SP - ACADEMIA DE TÊNIS DE MESA,ABSOLUTO A MAS,10,0,0,0,0,10,0,,
43,JOSE ROBERTO GERIS DA COSTA,ACADEMIA NELSON MACHADO/YARA CLUBE/UNIMED/UNIMAR/SELJ-MARILIA-SPDE MARÍLIA-LIGA-SP,ABSOLUTO A MAS,10,10,0,0,0,0,0,,
43,VICTOR EIJI HARA,ACERT TUPÃ - LIGA - SP,ABSOLUTO A MAS,10,10,0,0,0,0,0,,
43,JOAO PEDRO YUKIO ISHIDA,TM ÁLVARES MACHADO-LIGA-SP,ABSOLUTO A MAS,10,0,10,0,0,0,0,,
43,KAIO HENRIQUE DIAS,TM OESTE PAULISTA–ALVINLÂNDIA-SP,ABSOLUTO A MAS,10,10,0,0,0,0,0,,
43,RENAN GUILHERME SILVA FONTES,TM OESTE PAULISTA–ALVINLÂNDIA-SP,ABSOLUTO A MAS,10,10,0,0,0,0,0,,
43,BRUNO MENDES DOS SANTOS,TÊNIS DE MESA DE VOTUPORANGA-LIGA,ABSOLUTO A MAS,10,0,0,10,0,0,0,,
43,GABRIEL VINICIUS LOPES DOS SANTOS,TÊNIS DE MESA DE VOTUPORANGA-LIGA,ABSOLUTO A MAS,10,0,0,10,0,0,0,,
43,JOÃO PEDRO NUNES MACHADO,ASSOC. NOVA ERA DE T.M.-SP,ABSOLUTO A MAS,10,0,0,10,0,0,0,,
43,FERNANDO AUGUSTO VIEIRA LOPES,ASSOCIAÇÃO OURINHENSE DE BEM ESTAR-SP,ABSOLUTO A MAS,10,0,0,0,10,0,0,,
34,GABRIEL MAJARON BALIZARDO,ASSOC.DE T.M.OESTE PAULISTA-PRES.PRUDENTE-LIGA-SP,MASTER 30MAS,10,0,0,0,0,10,0,,
34,RAFAEL RODRIGUES DA SILVA,ACADEMIA NELSON MACHADO/YARA CLUBE/UNIMED/UNIMAR/SELJ-MARILIA-SPDE MARÍLIA-LIGA-SP,MASTER 30MAS,10,10,0,0,0,0,0,,
34,GUILHERME MASSAO SUETOMI,ASSOCIAÇÃO CULTURAL E DESPORTIVA DE ASSIS - SP,MASTER 30MAS,10,0,10,0,0,0,0,,
34,BRUNO MENDES DOS SANTOS,TÊNIS DE MESA DE VOTUPORANGA-LIGA,MASTER 30MAS,10,10,0,0,0,0,0,,
34,MICHEL SUMIO ESAKI,YARA CLUBE/ACADEMIA NELSON MACHADO/UNIMED/UNIMAR/SELJ-MARÍLIA-SP,MASTER 30MAS,10,10,0,0,0,0,0,,
34,DAVI DE OLIVEIRA,JAU PONG TÊNIS DE MESA LTDA-SP,MASTER 30MAS,10,0,0,10,0,0,0,,
34,CAIO CESAR MARTIRE BONI,ACADEMIA FITPONG DE TÊNIS DE MESA-PR,MASTER 30MAS,10,0,0,0,10,0,0,,
34,FABIO SANTOS FURTADO,ACADEMIA FITPONG DE TÊNIS DE MESA-PR,MASTER 30MAS,10,0,0,0,10,0,0,,
34,JOAO PAULO MATOS RIBEIRO DA SILVA,ASSOCIAÇÃO OURINHENSE DE BEM ESTAR-SP,MASTER 30MAS,10,0,0,0,10,0,0,,
34,REGIS BENEDITO DOS SANTOS BITTENCOURT,YARA CLUBE/ACADEMIA NELSON MACHADO/UNIMED/UNIMAR/SELJ-MARÍLIA-SP,MASTER 30MAS,10,0,0,0,10,0,0,,
36,CARLOS ALBERTO MAIELLO JUNIOR,ASSOC. NOVA ERA DE T.M.-SP,MASTER 40MAS,10,0,0,0,0,0,10,,
36,CLEITON SILVA DAL SANTOS,TM OESTE PAULISTA - FERNANDOPOLIS - LIGA-SP,MASTER 40MAS,10,0,0,0,0,0,10,,
36,DANIEL FERNANDO FRANCISCO DE SOUZA,NEW PONG - SÃO JOSÉ DO RIO PRETO/SP - ACADEMIA DE TÊNIS DE MESA,MASTER 40MAS,10,0,0,0,0,0,10,,
36,DENISSON GEREZ SILVA,TM OESTE PAULISTA - PRESIDENTE VENCESLAU - LIGA - SP,MASTER 40MAS,10,0,0,0,0,0,10,,
36,LUIZ EDUARDO BETONI,NEW PONG - SÃO JOSÉ DO RIO PRETO/SP - ACADEMIA DE TÊNIS DE MESA,MASTER 40MAS,10,0,0,0,0,0,10,,
36,MARCUS VINÍCIUS LUGATO,ARAÇA PONG / SMELR ARAÇATUBA – SP,MASTER 40MAS,10,0,0,0,0,10,0,,
36,FERNANDO LUIS BARBOSA,ARAÇA PONG / SMELR ARAÇATUBA – SP,MASTER 40MAS,10,0,0,0,0,10,0,,
36,ALESANDRO LUÍS WOLSKI,ACADEMIA FITPONG DE TÊNIS DE MESA-PR,MASTER 40MAS,10,10,0,0,0,0,0,,
36,ADRIANO NOGUEIRA DE MORAES,ASSOCIAÇÃO CULTURAL E DESPORTIVA DE ASSIS - SP,MASTER 40MAS,10,10,0,0,0,0,0,,
36,JEAN PHILIPPE VICTOR EUGENE MALLET JUNIOR,ATEMEL/ACEL LONDRINA - PR,MASTER 40MAS,10,10,0,0,0,0,0,,
36,JEAN MALLET,ATEMEL/ACEL LONDRINA - PR,MASTER 40MAS,10,0,10,0,0,0,0,,
36,LUIS DIODY FERNANDES FURUKAWA,PRESIDENTE VENCESLAU-SP,MASTER 40MAS,10,10,0,0,0,0,0,,
36,FLÁVIO SANTANA DE SOUZA,YARA CLUBE/ACADEMIA NELSON MACHADO/UNIMED/UNIMAR/SELJ-MARÍLIA-SP,MASTER 40MAS,10,10,0,0,0,0,0,,
36,CLEBER ALEXANDRE TERSI,JAU PONG TÊNIS DE MESA LTDA-SP,MASTER 40MAS,10,0,0,10,0,0,0,,
36,DANIEL FRANCISCO ALBA,JAU PONG TÊNIS DE MESA LTDA-SP,MASTER 40MAS,10,0,0,10,0,0,0,,
36,MARCELO CEFALY LEITE,ASSOC. NOVA ERA DE T.M.-SP,MASTER 40MAS,10,0,0,10,0,0,0,,
26,MARCELO ISHIKAWA,ACADEMIA NELSON MACHADO/YARA CLUBE/UNIMED/UNIMAR/SELJ-MARILIA-SPDE MARÍLIA-LIGA-SP,MASTER 50MAS,10,10,0,0,0,0,0,,
26,PAULO ROBERTO BACCARO,ASSOC.DE T.M.OESTE PAULISTA-PRES.PRUDENTE-LIGA-SP,MASTER 50MAS,10,10,0,0,0,0,0,,
26,SIDYNEI YUKIHITO OKU,ASSOCIAÇÃO CULTURAL E DESPORTIVA DE ASSIS - SP,MASTER 50MAS,10,0,10,0,0,0,0,,
26,HELIO HIDEYUKI TORIGOE,ATEMEL/ACEL LONDRINA - PR,MASTER 50MAS,10,0,10,0,0,0,0,,
26,JOÃO CANDIDO DE OLIVEIRA PORTO,NEW PONG - SÃO JOSÉ DO RIO PRETO/SP - ACADEMIA DE TÊNIS DE MESA,MASTER 50MAS,10,0,10,0,0,0,0,,
26,CARLOS EDUARDO DE AQUNIO,PRESIDENTE VENCESLAU-SP,MASTER 50MAS,10,10,0,0,0,0,0,,
26,CLAUDIO MANOEL DE ARAÚJO,ASSOCIAÇÃO OURINHENSE DE BEM ESTAR-SP,MASTER 50MAS,10,0,0,0,10,0,0,,
26,HENRY M MITSUO KAKITANI,ASSOCIAÇÃO OURINHENSE DE BEM ESTAR-SP,MASTER 50MAS,10,0,0,0,10,0,0,,
18,WILLIAM BORGES PERUCI,ARAÇA PONG / SMELR ARAÇATUBA – SP,MASTER 60MAS,10,0,0,0,0,0,10,,
18,JAMIL DOMINGUES SILVESTRE,ESPORTE CLUBE PRAIA GRANDE - SP,MASTER 60MAS,10,0,0,10,0,0,0,,
18,SHIGUEO HIGASHI HATTA,ARAÇA PONG / SMELR ARAÇATUBA – SP,MASTER 60MAS,10,0,0,10,0,0,0,,
11,NEIDE MORALES DA SILVA,ACERT TUPÃ - LIGA - SP,MASTER 70FEM,10,10,0,0,0,0,0,,
11,FUMIKO NODA YONEMOTO,ASSOC.DE T.M.OESTE PAULISTA-PRES.PRUDENTE-LIGA-SP,MASTER 70FEM,10,0,0,0,10,0,0,,
11,LOIDE GOUVEIA CRUZ,ASSOC.DE T.M.OESTE PAULISTA-PRES.PRUDENTE-LIGA-SP,MASTER 70FEM,10,0,0,0,10,0,0,,
11,MARIA DO CARMO PITON DE OLIVEIRA,ASSOC.DE T.M.OESTE PAULISTA-PRES.PRUDENTE-LIGA-SP,MASTER 70FEM,10,0,0,0,10,0,0,,
16,VICENTE CAMARGO DA ROCHA,ASSOCIAÇÃO CULTURAL E DESPORTIVA DE ASSIS - SP,SUB-09 MAS,10,0,10,0,0,0,0,,
16,ARTHUR MIRANDA DE SOUSA,ASSOCIAÇÃO OURINHENSE DE BEM ESTAR-SP,SUB-09 MAS,10,0,0,0,10,0,0,,
16,JOÃO PEDRO DE DE VECCHI GAMA BESSON,ASSOCIAÇÃO OURINHENSE DE BEM ESTAR-SP,SUB-09 MAS,10,0,0,0,10,0,0,,
16,LEONARDO YUKIO YAMAJI,ASSOCIAÇÃO OURINHENSE DE BEM ESTAR-SP,SUB-09 MAS,10,0,0,0,10,0,0,,
16,MATHEUS YUZO YAMADA,ASSOCIAÇÃO OURINHENSE DE BEM ESTAR-SP,SUB-09 MAS,10,0,0,0,10,0,0,,
13,CISSA AQUINO GONÇALVES LUCAS,ASSOCIAÇÃO OURINHENSE DE BEM ESTAR-SP,SUB-11 FEM,10,0,0,0,10,0,0,,
38,BERNARDO DE SOUZA BORGES,DRACENA TM-SP,SUB-11 MAS,10,0,0,0,0,0,10,,
38,GUILHERME DE CARVALHO SIGAUD,TM BIRIGUI LIGA-SP,SUB-11 MAS,10,0,0,0,0,0,10,,
38,LORENZO COSTA ALMEIDA,ASSOC.DE T.M.OESTE PAULISTA-PRES.PRUDENTE-LIGA-SP,SUB-11 MAS,10,0,0,0,0,0,10,,
38,ARTHUR TEGANA SILVA FERREIRA,ACADEMIA NELSON MACHADO/YARA CLUBE/UNIMED/UNIMAR/SELJ-MARILIA-SPDE MARÍLIA-LIGA-SP,SUB-11 MAS,10,10,0,0,0,0,0,,
38,DAVI LUCA CAMPOS DE SOUZA,ACADEMIA NELSON MACHADO/YARA CLUBE/UNIMED/UNIMAR/SELJ-MARILIA-SPDE MARÍLIA-LIGA-SP,SUB-11 MAS,10,10,0,0,0,0,0,,
38,GABRIEL ALVES ABDO,ACADEMIA NELSON MACHADO/YARA CLUBE/UNIMED/UNIMAR/SELJ-MARILIA-SPDE MARÍLIA-LIGA-SP,SUB-11 MAS,10,10,0,0,0,0,0,,
38,PEDRO YUDI HIRAMOTO SAMPAIO,ACADEMIA NELSON MACHADO/YARA CLUBE/UNIMED/UNIMAR/SELJ-MARILIA-SPDE MARÍLIA-LIGA-SP,SUB-11 MAS,10,10,0,0,0,0,0,,
38,MATHIAS BATISTA BATISTELA GENTIL,ASSOC.DE T.M.OESTE PAULISTA-PRES.PRUDENTE-LIGA-SP,SUB-11 MAS,10,0,10,0,0,0,0,,
38,DAVI MIGUEL RIBEIRO DE SOUZA,ASSOCIAÇÃO CULTURAL E DESPORTIVA DE ASSIS - SP,SUB-11 MAS,10,0,10,0,0,0,0,,
38,BENÍCIO ZAMBRANO FURLAN,PRESIDENTE VENCESLAU-SP,SUB-11 MAS,10,10,0,0,0,0,0,,
38,JOÃO PEDRO MARTINS CARVALHO,YARA CLUBE/ACADEMIA NELSON MACHADO/UNIMED/UNIMAR/SELJ-MARÍLIA-SP,SUB-11 MAS,10,10,0,0,0,0,0,,
38,YOHAN LONCOROVICI DE PAULA,YARA CLUBE/ACADEMIA NELSON MACHADO/UNIMED/UNIMAR/SELJ-MARÍLIA-SP,SUB-11 MAS,10,0,10,0,0,0,0,,
38,VICENTE CARDOSO CASTRO,ASSOC. NOVA ERA DE T.M.-SP,SUB-11 MAS,10,0,0,10,0,0,0,,
38,ARTHUR FRANCISCO ANTÔNIO,ASSOCIAÇÃO OURINHENSE DE BEM ESTAR-SP,SUB-11 MAS,10,0,0,0,10,0,0,,
38,ENZO JUN KAWANO,ASSOCIAÇÃO OURINHENSE DE BEM ESTAR-SP,SUB-11 MAS,10,0,0,0,10,0,0,,
38,GABRIEL KENJI YAMAJI,ASSOCIAÇÃO OURINHENSE DE BEM ESTAR-SP,SUB-11 MAS,10,0,0,0,10,0,0,,
38,LORENZO QUAGLIATO VESSONI DE MORAES,ASSOCIAÇÃO OURINHENSE DE BEM ESTAR-SP,SUB-11 MAS,10,0,0,0,10,0,0,,
38,NOAH QUAGLIATO BREVE,ASSOCIAÇÃO OURINHENSE DE BEM ESTAR-SP,SUB-11 MAS,10,0,0,0,10,0,0,,
20,ISADORA JARDIM SOARES CARDOSO,PRESIDENTE VENCESLAU-SP,SUB-13 FEM,10,10,0,0,0,0,0,,
20,MANUELA MARTINS SILVA,TM ÁLVARES MACHADO-LIGA-SP,SUB-13 FEM,10,0,10,0,0,0,0,,
20,SOFIA AIMI KOMODA,TM OESTE PAULISTA BASTOS - LIGA-SP,SUB-13 FEM,10,10,0,0,0,0,0,,
20,AGATHA GABRIELY MOREIRA LIMA,TM OESTE PAULISTA–ALVINLÂNDIA-SP,SUB-13 FEM,10,10,0,0,0,0,0,,
20,JULIA BEATRIZ SANTOS RUSSO,TM OESTE PAULISTA–ALVINLÂNDIA-SP,SUB-13 FEM,10,10,0,0,0,0,0,,
20,ANA MARIA CARAMANO TERSI,JAU PONG TÊNIS DE MESA LTDA-SP,SUB-13 FEM,10,0,0,10,0,0,0,,
64,AUGUSTO INACIO BOTELHO,TM BIRIGUI LIGA-SP,SUB-13 MAS,10,0,0,0,0,0,10,,
64,DANIEL PEREIRA DA COSTA NEVES,DRACENA TM-SP,SUB-13 MAS,10,0,0,0,0,0,10,,
64,DAVI GRICIOLLI DE SOUZA,TM BIRIGUI LIGA-SP,SUB-13 MAS,10,0,0,0,0,0,10,,
64,GUSTAVO GRECCO SANO,TM OESTE PAULISTA - FERNANDOPOLIS - LIGA-SP,SUB-13 MAS,10,0,0,0,0,0,10,,
64,LORENZO FOGANHOLI MARQUES,ACADEMIA NELSON MACHADO/YARA CLUBE/UNIMED/UNIMAR/SELJ-MARILIA-SPDE MARÍLIA-LIGA-SP,SUB-13 MAS,10,0,0,0,0,0,10,,
64,LUAN GABRIEL NEGRETTI DA SILVA,ASSOC.DE T.M.OESTE PAULISTA-PRES.PRUDENTE-LIGA-SP,SUB-13 MAS,10,0,0,0,0,0,10,,
64,OLIVER MATIAS FENSKE,TM BIRIGUI LIGA-SP,SUB-13 MAS,10,0,0,0,0,0,10,,
64,PEDRO HENRIQUE FACHINI,TM BIRIGUI LIGA-SP,SUB-13 MAS,10,0,0,0,0,0,10,,
64,SAMUEL TEDESCHI NARESSI,TM BIRIGUI LIGA-SP,SUB-13 MAS,10,0,0,0,0,0,10,,
64,GUSTAVO TAGLIARI MAGALHÃES,TÊNIS DE MESA DE VOTUPORANGA-LIGA,SUB-13 MAS,10,0,0,0,0,10,0,,
64,LUAN LEONARDI,ASSOC. NOVA ERA DE T.M.-SP,SUB-13 MAS,10,0,10,0,0,0,0,,
64,ENZO PASCHOALINO CECILIATO VASQUES,ASSOCIAÇÃO CULTURAL E DESPORTIVA DE ASSIS - SP,SUB-13 MAS,10,0,10,0,0,0,0,,
64,HENRIQUE CLEMENTE PAIÃO,ASSOCIAÇÃO CULTURAL E DESPORTIVA DE ASSIS - SP,SUB-13 MAS,10,0,10,0,0,0,0,,
64,LUCAS PASCHOALINO CECILIATO VASQUES,ASSOCIAÇÃO CULTURAL E DESPORTIVA DE ASSIS - SP,SUB-13 MAS,10,0,10,0,0,0,0,,
64,EDUARDO FURUUTI DUTRA,TM ÁLVARES MACHADO-LIGA-SP,SUB-13 MAS,10,0,10,0,0,0,0,,
64,ARTHUR FIORINI FARIAS,ACADEMIA NELSON MACHADO/YARA CLUBE/UNIMED/UNIMAR/SELJ-MARILIA-SPDE MARÍLIA-LIGA-SP,SUB-13 MAS,10,10,0,0,0,0,0,,
64,DAVI LUIZ SPARAPAM SANTOS,ACADEMIA NELSON MACHADO/YARA CLUBE/UNIMED/UNIMAR/SELJ-MARILIA-SPDE MARÍLIA-LIGA-SP,SUB-13 MAS,10,10,0,0,0,0,0,,
64,DAVI MARTINS MARQUES EUZEBIO,ACADEMIA NELSON MACHADO/YARA CLUBE/UNIMED/UNIMAR/SELJ-MARILIA-SPDE MARÍLIA-LIGA-SP,SUB-13 MAS,10,10,0,0,0,0,0,,
64,JOÃO GABRIEL DOS SANTOS MOREIRA,ACADEMIA NELSON MACHADO/YARA CLUBE/UNIMED/UNIMAR/SELJ-MARILIA-SPDE MARÍLIA-LIGA-SP,SUB-13 MAS,10,10,0,0,0,0,0,,
64,JOÃO GABRIEL MAMEDIO DOS SANTOS,ACADEMIA NELSON MACHADO/YARA CLUBE/UNIMED/UNIMAR/SELJ-MARILIA-SPDE MARÍLIA-LIGA-SP,SUB-13 MAS,10,10,0,0,0,0,0,,
64,JOÃO GUILHERME MAJAJ ROSSATO SANTOS,ACADEMIA NELSON MACHADO/YARA CLUBE/UNIMED/UNIMAR/SELJ-MARILIA-SPDE MARÍLIA-LIGA-SP,SUB-13 MAS,10,10,0,0,0,0,0,,
64,JOAQUIM DE SOUZA ANDRADE VIEIRA,ACADEMIA NELSON MACHADO/YARA CLUBE/UNIMED/UNIMAR/SELJ-MARILIA-SPDE MARÍLIA-LIGA-SP,SUB-13 MAS,10,10,0,0,0,0,0,,
64,PEDRO DE OLIVEIRA ESPINDOLA,ACADEMIA NELSON MACHADO/YARA CLUBE/UNIMED/UNIMAR/SELJ-MARILIA-SPDE MARÍLIA-LIGA-SP,SUB-13 MAS,10,10,0,0,0,0,0,,
64,PEDRO GONÇALVES,ACADEMIA NELSON MACHADO/YARA CLUBE/UNIMED/UNIMAR/SELJ-MARILIA-SPDE MARÍLIA-LIGA-SP,SUB-13 MAS,10,10,0,0,0,0,0,,
64,DAVI TEODORO DE LIMA,ASSOC. NOVA ERA DE T.M.-SP,SUB-13 MAS,10,10,0,0,0,0,0,,
64,ESTEVAN SANCHON ESTRUBI,TM OESTE PAULISTA–ALVINLÂNDIA-SP,SUB-13 MAS,10,10,0,0,0,0,0,,
64,ARTHUR JOSÉ TRINTINO VIANNA,ASSOC.JAUENSE DE T.M./PREFEITURA DE JAÚ-SP,SUB-13 MAS,10,0,0,10,0,0,0,,
64,DAVI CAMBAUVA COLOMBO PEREIRA DOS SANTOS,JAU PONG TÊNIS DE MESA LTDA-SP,SUB-13 MAS,10,0,0,10,0,0,0,,
64,DAVI LUCAS CARAMANO TERSI,JAU PONG TÊNIS DE MESA LTDA-SP,SUB-13 MAS,10,0,0,10,0,0,0,,
64,MATEUS AUGUSTO TANIGUTI VISSOTTO,ASSOC.JAUENSE DE T.M./PREFEITURA DE JAÚ-SP,SUB-13 MAS,10,0,0,10,0,0,0,,
64,RAPHAEL SOL COSTA,ASSOC. NOVA ERA DE T.M.-SP,SUB-13 MAS,10,0,0,10,0,0,0,,
64,ALEJANDRO SOPRANI SOUSA SANTOS,TM OESTE PAULISTA–PRESIDENTE EPITÁCIO -SP,SUB-13 MAS,10,0,0,0,10,0,0,,
64,ENZZO GABRIEL SECCHI DA SILVA,TM OESTE PAULISTA–PRESIDENTE EPITÁCIO -SP,SUB-13 MAS,10,0,0,0,10,0,0,,
64,HEITOR HIDEKI R SAKAKIBARA,TM OESTE PAULISTA–PRESIDENTE EPITÁCIO -SP,SUB-13 MAS,10,0,0,0,10,0,0,,
15,JÚLIA MARÇAL LERES,MIRASSOL TENIS DE MESA,SUB-15 FEM,10,10,0,0,0,0,0,,
15,KARYNA SOUZA RODRIGUES,TM OESTE PAULISTA–ALVINLÂNDIA-SP,SUB-15 FEM,10,10,0,0,0,0,0,,
15,ALICE AKEMI BABICHI TANAKA,YARA CLUBE/ACADEMIA NELSON MACHADO/UNIMED/UNIMAR/SELJ-MARÍLIA-SP,SUB-15 FEM,10,0,10,0,0,0,0,,
80,GUILHERME BALDI MORAES,TM OESTE PAULISTA - FERNANDOPOLIS - LIGA-SP,SUB-15 MAS,10,0,0,0,0,0,10,,
80,GUILHERME TOQUEIRO FERRARI,DRACENA TM-SP,SUB-15 MAS,10,0,0,0,0,0,10,,
80,HEITOR DE SOUZA BORGES,DRACENA TM-SP,SUB-15 MAS,10,0,0,0,0,0,10,,
80,JOÃO MARCOS JOSÉ DOS SANTOS,TÊNIS DE MESA DE VOTUPORANGA-LIGA,SUB-15 MAS,10,0,0,0,0,0,10,,
80,NICOLLAS EDUARDO SASSA JOBE,DRACENA TM-SP,SUB-15 MAS,10,0,0,0,0,0,10,,
80,RICHARD LORANDI SILVA,TM BIRIGUI LIGA-SP,SUB-15 MAS,10,0,0,0,0,0,10,,
80,SAMUEL GONÇALVES PEREIRA FIORAVANTE,TM OESTE PAULISTA BASTOS - LIGA-SP,SUB-15 MAS,10,0,0,0,0,0,10,,
80,LORENZO LUIZ LOPES DA SILVA,ACADEMIA NELSON MACHADO/YARA CLUBE/UNIMED/UNIMAR/SELJ-MARILIA-SPDE MARÍLIA-LIGA-SP,SUB-15 MAS,10,10,0,0,0,0,0,,
80,LUCCA GUIMARÃES TELES,ACADEMIA NELSON MACHADO/YARA CLUBE/UNIMED/UNIMAR/SELJ-MARILIA-SPDE MARÍLIA-LIGA-SP,SUB-15 MAS,10,10,0,0,0,0,0,,
80,JOHAN ESTEBAN VERGARA LOPEZ,ASSOC. NOVA ERA DE T.M.-SP,SUB-15 MAS,10,10,0,0,0,0,0,,
80,LEONARDO LEONARDI,ASSOC. NOVA ERA DE T.M.-SP,SUB-15 MAS,10,0,10,0,0,0,0,,
80,FELIPE DAVID ANDREOTTI,ASSOCIAÇÃO CULTURAL E DESPORTIVA DE ASSIS - SP,SUB-15 MAS,10,0,10,0,0,0,0,,
80,HUGO  MAZZETTO GOMES,ASSOCIAÇÃO CULTURAL E DESPORTIVA DE ASSIS - SP,SUB-15 MAS,10,0,10,0,0,0,0,,
80,LUIZ GUSTAVO STRING CORTEZ,ASSOCIAÇÃO CULTURAL E DESPORTIVA DE ASSIS - SP,SUB-15 MAS,10,0,10,0,0,0,0,,
80,MIGUEL BAROSSI HANISCH,ASSOCIAÇÃO CULTURAL E DESPORTIVA DE ASSIS - SP,SUB-15 MAS,10,0,10,0,0,0,0,,
80,DIOGO DE OLIVEIRA RIVILI,ATEMEL/ACEL LONDRINA - PR,SUB-15 MAS,10,10,0,0,0,0,0,,
80,PEDRO EGASHIRA,ATEMEL/ACEL LONDRINA - PR,SUB-15 MAS,10,10,0,0,0,0,0,,
80,EDUARDO YOZO JODAI SASSAKI,ATEMEL/ACEL LONDRINA - PR,SUB-15 MAS,10,0,10,0,0,0,0,,
80,ENRICO GRANELLA DE SOUZA,YARA CLUBE/ACADEMIA NELSON MACHADO/UNIMED/UNIMAR/SELJ-MARÍLIA-SP,SUB-15 MAS,10,10,0,0,0,0,0,,
80,GIOVANNI BERRIEL VIDOTTI,YARA CLUBE/ACADEMIA NELSON MACHADO/UNIMED/UNIMAR/SELJ-MARÍLIA-SP,SUB-15 MAS,10,10,0,0,0,0,0,,
80,DIOGO VENDRAMINI,JAU PONG TÊNIS DE MESA LTDA-SP,SUB-15 MAS,10,0,0,10,0,0,0,,
80,MATEUS ALVES BELAI,ASSOC. NOVA ERA DE T.M.-SP,SUB-15 MAS,10,0,0,10,0,0,0,,
80,RAFAEL YURI RIBEIRO BENEDITO,ASSOC. NOVA ERA DE T.M.-SP,SUB-15 MAS,10,0,0,10,0,0,0,,
80,SAMUEL SOL COSTA FILHO,ASSOC. NOVA ERA DE T.M.-SP,SUB-15 MAS,10,0,0,10,0,0,0,,
80,ARTHUR ALVES BRAGA,ASSOCIAÇÃO OURINHENSE DE BEM ESTAR-SP,SUB-15 MAS,10,0,0,0,10,0,0,,
80,CLAUDIO HENRIQUE DANIEL NETO,ASSOCIAÇÃO CULTURAL E DESPORTIVA DE ASSIS - SP,SUB-15 MAS,10,0,0,0,10,0,0,,
80,GABRIEL DA SILVA FLORÊNCIO ARAÚJO,TM OESTE PAULISTA–PRESIDENTE EPITÁCIO -SP,SUB-15 MAS,10,0,0,0,10,0,0,,
54,TITO GALVÃO BARBOSA,ARAÇA PONG / SMELR ARAÇATUBA – SP,SUB-17 MAS,10,0,0,0,0,10,0,,
54,THIAGO ALEXANDRE WOLSKI,ACADEMIA FITPONG DE TÊNIS DE MESA-PR,SUB-17 MAS,10,10,0,0,0,0,0,,
54,ARTHUR DE OLIVEIRA FLUMINHAN,ASSOC.DE T.M.OESTE PAULISTA-PRES.PRUDENTE-LIGA-SP,SUB-17 MAS,10,0,10,0,0,0,0,,
54,GUSTAVO GENARO ALVES BIFARONI,TÊNIS DE MESA DE VOTUPORANGA-LIGA,SUB-17 MAS,10,10,0,0,0,0,0,,
54,BRUNO ROCHA DE SOUZA,TENIS DE MESA PAULISTA-OSVALDO CRUZ-SP,SUB-17 MAS,10,10,0,0,0,0,0,,
54,OTÁVIO CRIPA LOTÉRIO,TM OESTE PAULISTA–ALVINLÂNDIA-SP,SUB-17 MAS,10,10,0,0,0,0,0,,
54,DAVI GODOY,JAU PONG TÊNIS DE MESA LTDA-SP,SUB-17 MAS,10,0,0,10,0,0,0,,
54,ENZO SCUDILIO,JAU PONG TÊNIS DE MESA LTDA-SP,SUB-17 MAS,10,0,0,10,0,0,0,,
54,JOSÉ RODOLFO RIBEIRO  BASSETTO,ASSOC.JAUENSE DE T.M./PREFEITURA DE JAÚ-SP,SUB-17 MAS,10,0,0,10,0,0,0,,
54,PEDRO HENRYCKE FONTOURA MATOS,TÊNIS DE MESA DE VOTUPORANGA-LIGA,SUB-17 MAS,10,0,0,10,0,0,0,,
54,GABRIEL PERUCCI MOREIRA,ASSOC.DE T.M.OESTE PAULISTA-PRES.PRUDENTE-LIGA-SP,SUB-17 MAS,10,0,0,0,10,0,0,,
54,GUILHERME ANDRELINO EVANS,TM OESTE PAULISTA–PRESIDENTE EPITÁCIO -SP,SUB-17 MAS,10,0,0,0,10,0,0,,
54,HAROLDO EVANGELISTA DE SOUZA,ASSOCIAÇÃO OURINHENSE DE BEM ESTAR-SP,SUB-17 MAS,10,0,0,0,10,0,0,,
17,HENRY NARUÃ DA ROCHA CRUZ,ACERT TUPÃ - LIGA - SP,SUB-19 MAS,10,10,0,0,0,0,0,,
17,LUCAS GARCIA RÔA,ASSOC. NOVA ERA DE T.M.-SP,SUB-19 MAS,10,10,0,0,0,0,0,,
17,JOÃO VITOR MENDES GUILHERME,CLUBE LENÇOENSE DE TÊNIS DE MESA-LIGA-SP,SUB-19 MAS,10,10,0,0,0,0,0,,
17,ERICK KAZUO HINOUE MORAIS,DRACENA TM-SP,SUB-19 MAS,10,10,0,0,0,0,0,,
17,DAVID DA SILVA NASCIMENTO,TÊNIS DE MESA DE VOTUPORANGA-LIGA,SUB-19 MAS,10,10,0,0,0,0,0,,
17,GUSTAVO DA SILVA MARTINEZ,TM OESTE PAULISTA–PRESIDENTE EPITÁCIO -SP,SUB-19 MAS,10,0,0,0,10,0,0,,
17,VINICIUS KENDI MAEDA,ATEMEL/ACEL LONDRINA - PR,SUB-21 MAS,10,10,0,0,0,0,0,,
17,JOÃO KALLYL MOREIRA MEDINA,MIRASSOL TENIS DE MESA,SUB-21 MAS,10,10,0,0,0,0,0,,
17,MATHEUS HENZO OKADA ESAKI,YARA CLUBE/ACADEMIA NELSON MACHADO/UNIMED/UNIMAR/SELJ-MARÍLIA-SP,SUB-21 MAS,10,10,0,0,0,0,0,,
44,GUILHERME HENRIQUE TOMAZINI,TM BIRIGUI LIGA-SP,MASTER 30MAS,0,0,0,0,0,0,0,,
21,PAULO KACZAN NETO,YARA CLUBE/ACADEMIA NELSON MACHADO/UNIMED/UNIMAR/SELJ-MARÍLIA-SP,SUB-09 MAS,0,0,0,0,0,0,0,,
98,DAVI PEREIRA FIALHO,TM BIRIGUI LIGA-SP,SUB-13 MAS,0,0,0,0,0,0,0,,
18,ANA JULYA MACHADO DOS SANTOS,TÊNIS DE MESA DE VOTUPORANGA-LIGA,SUB-15 FEM,0,0,0,0,0,0,0,,
107,TALIKY MURICIO DE LIMA,DRACENA TM-SP,SUB-15 MAS,0,0,0,0,0,0,0,,
20,CAIO DE OLIVEIRA VASCONCELOS,ASSOC. NOVA ERA DE T.M.-SP,SUB-21 MAS,0,0,0,0,0,0,0,,
20,EDUARDO ANDRÉ DE OLIVEIRA,TM OESTE PAULISTA–PRESIDENTE EPITÁCIO -SP,SUB-21 MAS,0,0,0,0,0,0,0,,